row,text,existing,candidate,reason
train:25,What is good bench press form,"[[13, 24, ""EXERCISE""]]","[13, 18, ""EQUIPMENT""]","overlap; longest span kept: (13, 24, 'EXERCISE')"
train:25,What is good bench press form,"[[13, 24, ""EXERCISE""]]","[13, 18, ""EXERCISE""]","overlap; longest span kept: (13, 24, 'EXERCISE')"
train:38,Log my bench press today,"[[7, 18, ""EXERCISE""]]","[7, 12, ""EQUIPMENT""]","overlap; longest span kept: (7, 18, 'EXERCISE')"
train:38,Log my bench press today,"[[7, 18, ""EXERCISE""]]","[7, 12, ""EXERCISE""]","overlap; longest span kept: (7, 18, 'EXERCISE')"
train:142,Design a workout routine using only a pull-up bar and the floor.,"[[38, 49, ""EQUIPMENT""]]","[38, 45, ""EXERCISE""]","overlap; longest span kept: (38, 49, 'EQUIPMENT')"
train:185,How should I breathe during a bench press?,"[[30, 41, ""EXERCISE""]]","[30, 35, ""EQUIPMENT""]","overlap; longest span kept: (30, 41, 'EXERCISE')"
train:185,How should I breathe during a bench press?,"[[30, 41, ""EXERCISE""]]","[30, 35, ""EXERCISE""]","overlap; longest span kept: (30, 41, 'EXERCISE')"
train:190,What is the correct setup for a shoulder press?,"[[32, 46, ""EXERCISE""]]","[32, 40, ""BODY_PART""]","overlap; longest span kept: (32, 46, 'EXERCISE')"
train:194,How do I perform a glute bridge correctly?,"[[19, 31, ""EXERCISE""]]","[19, 24, ""BODY_PART""]","overlap; longest span kept: (19, 31, 'EXERCISE')"
train:194,How do I perform a glute bridge correctly?,"[[19, 31, ""EXERCISE""]]","[19, 24, ""BODY_PART""]","overlap; longest span kept: (19, 31, 'EXERCISE')"
train:238,What exercises help with general fitness,"[[25, 40, ""GOAL""]]","[33, 40, ""GOAL""]","overlap; longest span kept: (25, 40, 'GOAL')"
train:238,What exercises help with general fitness,"[[25, 40, ""GOAL""]]","[33, 40, ""GOAL""]","overlap; longest span kept: (25, 40, 'GOAL')"
train:239,Which exercises can I do with resistance bands,"[[30, 46, ""EQUIPMENT""]]","[41, 46, ""EQUIPMENT""]","overlap; longest span kept: (30, 46, 'EQUIPMENT')"
train:239,Which exercises can I do with resistance bands,"[[30, 46, ""EQUIPMENT""]]","[41, 46, ""EQUIPMENT""]","overlap; longest span kept: (30, 46, 'EQUIPMENT')"
train:248,Can you explain safe bench press technique,"[[21, 32, ""EXERCISE""]]","[21, 26, ""EQUIPMENT""]","overlap; longest span kept: (21, 32, 'EXERCISE')"
train:248,Can you explain safe bench press technique,"[[21, 32, ""EXERCISE""]]","[21, 26, ""EXERCISE""]","overlap; longest span kept: (21, 32, 'EXERCISE')"
train:256,Can you describe correct shoulder press form,"[[25, 39, ""EXERCISE""]]","[25, 33, ""BODY_PART""]","overlap; longest span kept: (25, 39, 'EXERCISE')"
train:345,Make me a routine focused on general fitness,"[[29, 44, ""GOAL""]]","[37, 44, ""GOAL""]","overlap; longest span kept: (29, 44, 'GOAL')"
train:345,Make me a routine focused on general fitness,"[[29, 44, ""GOAL""]]","[37, 44, ""GOAL""]","overlap; longest span kept: (29, 44, 'GOAL')"
train:355,What can I do to train my upper back,"[[26, 36, ""BODY_PART""]]","[32, 36, ""BODY_PART""]","overlap; longest span kept: (26, 36, 'BODY_PART')"
train:355,What can I do to train my upper back,"[[26, 36, ""BODY_PART""]]","[32, 36, ""BODY_PART""]","overlap; longest span kept: (26, 36, 'BODY_PART')"
train:370,What are the main form cues for a bench press,"[[34, 45, ""EXERCISE""]]","[34, 39, ""EQUIPMENT""]","overlap; longest span kept: (34, 45, 'EXERCISE')"
train:370,What are the main form cues for a bench press,"[[34, 45, ""EXERCISE""]]","[34, 39, ""EXERCISE""]","overlap; longest span kept: (34, 45, 'EXERCISE')"
train:465,could you map out a Monday Wednesday Friday intermediate resistance bands workuot plan for lose weight,"[[57, 73, ""EQUIPMENT""]]","[68, 73, ""EQUIPMENT""]","overlap; longest span kept: (57, 73, 'EQUIPMENT')"
train:466,im looking for a monday wednesday friday intermediate resistance bands workout plan for lose weight,"[[54, 70, ""EQUIPMENT""]]","[65, 70, ""EQUIPMENT""]","overlap; longest span kept: (54, 70, 'EQUIPMENT')"
train:467,help me build a Monday Wednesday Friday intermediate resistance bands wo plan for lose weight,"[[53, 69, ""EQUIPMENT""]]","[64, 69, ""EQUIPMENT""]","overlap; longest span kept: (53, 69, 'EQUIPMENT')"
train:468,need a a Monday Wednesday Friday intermediate resistance bands workout plan for lose weight I am not sure where to start and would appreciate a simple answer that fits my week.,"[[46, 62, ""EQUIPMENT""]]","[57, 62, ""EQUIPMENT""]","overlap; longest span kept: (46, 62, 'EQUIPMENT')"
train:469,what would a a Monday Wednesday Friday intermediate resistance bands workuot plan for lose weight,"[[52, 68, ""EQUIPMENT""]]","[63, 68, ""EQUIPMENT""]","overlap; longest span kept: (52, 68, 'EQUIPMENT')"
train:470,put together a monday wednesday friday intermediate resistance bands workout plan for lose weight,"[[52, 68, ""EQUIPMENT""]]","[63, 68, ""EQUIPMENT""]","overlap; longest span kept: (52, 68, 'EQUIPMENT')"
train:471,id like a Monday Wednesday Friday intermediate resistance bands wo plan for lose weight,"[[47, 63, ""EQUIPMENT""]]","[58, 63, ""EQUIPMENT""]","overlap; longest span kept: (47, 63, 'EQUIPMENT')"
train:472,can we create a Monday Wednesday Friday intermediate resistance bands workout plan for lose weight I am not sure where to start and would appreciate a simple answer that fits my week.,"[[53, 69, ""EQUIPMENT""]]","[64, 69, ""EQUIPMENT""]","overlap; longest span kept: (53, 69, 'EQUIPMENT')"
train:473,design a a monday wednesday friday intermediate resistance bands workout plan for lose weight,"[[48, 64, ""EQUIPMENT""]]","[59, 64, ""EQUIPMENT""]","overlap; longest span kept: (48, 64, 'EQUIPMENT')"
train:474,make a Monday Wednesday Friday intermediate resistance bands workuot plan for lose weight,"[[44, 60, ""EQUIPMENT""]]","[55, 60, ""EQUIPMENT""]","overlap; longest span kept: (44, 60, 'EQUIPMENT')"
train:475,build a monday wednesday friday intermediate resistance bands workout plan for lose weight,"[[45, 61, ""EQUIPMENT""]]","[56, 61, ""EQUIPMENT""]","overlap; longest span kept: (45, 61, 'EQUIPMENT')"
train:476,write a Monday Wednesday Friday intermediate resistance bands wo plan for lose weight,"[[45, 61, ""EQUIPMENT""]]","[56, 61, ""EQUIPMENT""]","overlap; longest span kept: (45, 61, 'EQUIPMENT')"
train:477,set up a Monday Wednesday Friday intermediate resistance bands workout plan for lose weight I am not sure where to start and would appreciate a simple answer that fits my week.,"[[46, 62, ""EQUIPMENT""]]","[57, 62, ""EQUIPMENT""]","overlap; longest span kept: (46, 62, 'EQUIPMENT')"
train:479,looking for a Monday Wednesday Friday intermediate resistance bands workuot plan for lose weight,"[[51, 67, ""EQUIPMENT""]]","[62, 67, ""EQUIPMENT""]","overlap; longest span kept: (51, 67, 'EQUIPMENT')"
train:480,coach me through a monday wednesday friday intermediate resistance bands workout plan for lose weight,"[[56, 72, ""EQUIPMENT""]]","[67, 72, ""EQUIPMENT""]","overlap; longest span kept: (56, 72, 'EQUIPMENT')"
train:481,im trying to start a Monday Wednesday Friday intermediate resistance bands wo plan for lose weight,"[[58, 74, ""EQUIPMENT""]]","[69, 74, ""EQUIPMENT""]","overlap; longest span kept: (58, 74, 'EQUIPMENT')"
train:482,gym bro question i need a Monday Wednesday Friday intermediate resistance bands workout plan for lose weight I am not sure where to start and would appreciate a simple answer that fits my week.,"[[63, 79, ""EQUIPMENT""]]","[74, 79, ""EQUIPMENT""]","overlap; longest span kept: (63, 79, 'EQUIPMENT')"
train:483,got time for a a monday wednesday friday intermediate resistance bands workout plan for lose weight,"[[54, 70, ""EQUIPMENT""]]","[65, 70, ""EQUIPMENT""]","overlap; longest span kept: (54, 70, 'EQUIPMENT')"
train:484,can u make a Monday Wednesday Friday intermediate resistance bands workuot plan for lose weight,"[[50, 66, ""EQUIPMENT""]]","[61, 66, ""EQUIPMENT""]","overlap; longest span kept: (50, 66, 'EQUIPMENT')"
train:485,pls make a monday wednesday friday intermediate resistance bands workout plan for lose weight,"[[48, 64, ""EQUIPMENT""]]","[59, 64, ""EQUIPMENT""]","overlap; longest span kept: (48, 64, 'EQUIPMENT')"
train:486,my week needs a Monday Wednesday Friday intermediate resistance bands wo plan for lose weight,"[[53, 69, ""EQUIPMENT""]]","[64, 69, ""EQUIPMENT""]","overlap; longest span kept: (53, 69, 'EQUIPMENT')"
train:487,please map a Monday Wednesday Friday intermediate resistance bands workout plan for lose weight I am not sure where to start and would appreciate a simple answer that fits my week.,"[[50, 66, ""EQUIPMENT""]]","[61, 66, ""EQUIPMENT""]","overlap; longest span kept: (50, 66, 'EQUIPMENT')"
train:488,thinking about a a Monday Wednesday Friday intermediate resistance bands workuot plan for lose weight,"[[56, 72, ""EQUIPMENT""]]","[67, 72, ""EQUIPMENT""]","overlap; longest span kept: (56, 72, 'EQUIPMENT')"
train:489,schedule a a monday wednesday friday intermediate resistance bands workout plan for lose weight,"[[50, 66, ""EQUIPMENT""]]","[61, 66, ""EQUIPMENT""]","overlap; longest span kept: (50, 66, 'EQUIPMENT')"
train:490,how about a a Monday Wednesday Friday intermediate resistance bands wo plan for lose weight,"[[51, 67, ""EQUIPMENT""]]","[62, 67, ""EQUIPMENT""]","overlap; longest span kept: (51, 67, 'EQUIPMENT')"
train:491,i want a Monday Wednesday Friday intermediate resistance bands workout plan for lose weight I am not sure where to start and would appreciate a simple answer that fits my week.,"[[46, 62, ""EQUIPMENT""]]","[57, 62, ""EQUIPMENT""]","overlap; longest span kept: (46, 62, 'EQUIPMENT')"
train:492,help me plan a monday wednesday friday intermediate resistance bands workout plan for lose weight,"[[52, 68, ""EQUIPMENT""]]","[63, 68, ""EQUIPMENT""]","overlap; longest span kept: (52, 68, 'EQUIPMENT')"
train:493,can someone create a Monday Wednesday Friday intermediate resistance bands workuot plan for lose weight,"[[58, 74, ""EQUIPMENT""]]","[69, 74, ""EQUIPMENT""]","overlap; longest span kept: (58, 74, 'EQUIPMENT')"
train:494,show me a a monday wednesday friday intermediate resistance bands workout plan for lose weight,"[[49, 65, ""EQUIPMENT""]]","[60, 65, ""EQUIPMENT""]","overlap; longest span kept: (49, 65, 'EQUIPMENT')"
train:495,could you map out a three days a week advanced bodyweight wo plan for get stronger,"[[20, 37, ""DAYS""]]","[20, 30, ""DAYS""]","overlap; longest span kept: (20, 37, 'DAYS')"
train:496,im looking for a three days a week advanced bodyweight workout plan for get stronger I am not sure where to start and would appreciate a simple answer that fits my week.,"[[17, 34, ""DAYS""]]","[17, 27, ""DAYS""]","overlap; longest span kept: (17, 34, 'DAYS')"
train:497,need a a three days a week advanced bodyweight workuot plan for get stronger,"[[9, 26, ""DAYS""]]","[9, 19, ""DAYS""]","overlap; longest span kept: (9, 26, 'DAYS')"
train:498,plan out a three days a week advanced bodyweight workout plan for get stronger,"[[11, 28, ""DAYS""]]","[11, 21, ""DAYS""]","overlap; longest span kept: (11, 28, 'DAYS')"
train:499,what would a a three days a week advanced bodyweight wo plan for get stronger,"[[15, 32, ""DAYS""]]","[15, 25, ""DAYS""]","overlap; longest span kept: (15, 32, 'DAYS')"
train:500,put together a three days a week advanced bodyweight workout plan for get stronger I am not sure where to start and would appreciate a simple answer that fits my week.,"[[15, 32, ""DAYS""]]","[15, 25, ""DAYS""]","overlap; longest span kept: (15, 32, 'DAYS')"
train:501,id like a three days a week advanced bodyweight workout plan for get stronger,"[[10, 27, ""DAYS""]]","[10, 20, ""DAYS""]","overlap; longest span kept: (10, 27, 'DAYS')"
train:502,can we create a three days a week advanced bodyweight workuot plan for get stronger,"[[16, 33, ""DAYS""]]","[16, 26, ""DAYS""]","overlap; longest span kept: (16, 33, 'DAYS')"
train:503,design a a three days a week advanced bodyweight workout plan for get stronger,"[[11, 28, ""DAYS""]]","[11, 21, ""DAYS""]","overlap; longest span kept: (11, 28, 'DAYS')"
train:504,make a three days a week advanced bodyweight wo plan for get stronger,"[[7, 24, ""DAYS""]]","[7, 17, ""DAYS""]","overlap; longest span kept: (7, 24, 'DAYS')"
train:505,build a three days a week advanced bodyweight workout plan for get stronger I am not sure where to start and would appreciate a simple answer that fits my week.,"[[8, 25, ""DAYS""]]","[8, 18, ""DAYS""]","overlap; longest span kept: (8, 25, 'DAYS')"
train:506,set up a three days a week advanced bodyweight workuot plan for get stronger,"[[9, 26, ""DAYS""]]","[9, 19, ""DAYS""]","overlap; longest span kept: (9, 26, 'DAYS')"
train:507,give me a three days a week advanced bodyweight workout plan for get stronger,"[[10, 27, ""DAYS""]]","[10, 20, ""DAYS""]","overlap; longest span kept: (10, 27, 'DAYS')"
train:508,looking for a three days a week advanced bodyweight wo plan for get stronger,"[[14, 31, ""DAYS""]]","[14, 24, ""DAYS""]","overlap; longest span kept: (14, 31, 'DAYS')"
train:509,coach me through a three days a week advanced bodyweight workout plan for get stronger I am not sure where to start and would appreciate a simple answer that fits my week.,"[[19, 36, ""DAYS""]]","[19, 29, ""DAYS""]","overlap; longest span kept: (19, 36, 'DAYS')"
train:510,im trying to start a three days a week advanced bodyweight workout plan for get stronger,"[[21, 38, ""DAYS""]]","[21, 31, ""DAYS""]","overlap; longest span kept: (21, 38, 'DAYS')"
train:511,gym bro question i need a three days a week advanced bodyweight workuot plan for get stronger,"[[26, 43, ""DAYS""]]","[26, 36, ""DAYS""]","overlap; longest span kept: (26, 43, 'DAYS')"
train:512,got time for a a three days a week advanced bodyweight workout plan for get stronger,"[[17, 34, ""DAYS""]]","[17, 27, ""DAYS""]","overlap; longest span kept: (17, 34, 'DAYS')"
train:513,can u make a three days a week advanced bodyweight wo plan for get stronger,"[[13, 30, ""DAYS""]]","[13, 23, ""DAYS""]","overlap; longest span kept: (13, 30, 'DAYS')"
train:514,pls make a three days a week advanced bodyweight workout plan for get stronger I am not sure where to start and would appreciate a simple answer that fits my week.,"[[11, 28, ""DAYS""]]","[11, 21, ""DAYS""]","overlap; longest span kept: (11, 28, 'DAYS')"
train:515,please map a three days a week advanced bodyweight workuot plan for get stronger,"[[13, 30, ""DAYS""]]","[13, 23, ""DAYS""]","overlap; longest span kept: (13, 30, 'DAYS')"
train:516,could i get a three days a week advanced bodyweight workout plan for get stronger,"[[14, 31, ""DAYS""]]","[14, 24, ""DAYS""]","overlap; longest span kept: (14, 31, 'DAYS')"
train:517,thinking about a a three days a week advanced bodyweight wo plan for get stronger,"[[19, 36, ""DAYS""]]","[19, 29, ""DAYS""]","overlap; longest span kept: (19, 36, 'DAYS')"
train:518,schedule a a three days a week advanced bodyweight workout plan for get stronger I am not sure where to start and would appreciate a simple answer that fits my week.,"[[13, 30, ""DAYS""]]","[13, 23, ""DAYS""]","overlap; longest span kept: (13, 30, 'DAYS')"
train:519,how about a a three days a week advanced bodyweight workout plan for get stronger,"[[14, 31, ""DAYS""]]","[14, 24, ""DAYS""]","overlap; longest span kept: (14, 31, 'DAYS')"
train:520,i want a three days a week advanced bodyweight workuot plan for get stronger,"[[9, 26, ""DAYS""]]","[9, 19, ""DAYS""]","overlap; longest span kept: (9, 26, 'DAYS')"
train:521,help me plan a three days a week advanced bodyweight workout plan for get stronger,"[[15, 32, ""DAYS""]]","[15, 25, ""DAYS""]","overlap; longest span kept: (15, 32, 'DAYS')"
train:522,can someone create a three days a week advanced bodyweight wo plan for get stronger,"[[21, 38, ""DAYS""]]","[21, 31, ""DAYS""]","overlap; longest span kept: (21, 38, 'DAYS')"
train:523,show me a a three days a week advanced bodyweight workout plan for get stronger I am not sure where to start and would appreciate a simple answer that fits my week.,"[[12, 29, ""DAYS""]]","[12, 22, ""DAYS""]","overlap; longest span kept: (12, 29, 'DAYS')"
train:553,could you map out a 3 days beginner home equipment workout plan for general fitness,"[[68, 83, ""GOAL""]]","[76, 83, ""GOAL""]","overlap; longest span kept: (68, 83, 'GOAL')"
train:554,im looking for a 3 days beginner home equipment wo plan for general fitness,"[[60, 75, ""GOAL""]]","[68, 75, ""GOAL""]","overlap; longest span kept: (60, 75, 'GOAL')"
train:555,help me build a 3 days beginner home equipment workout plan for general fitness I am not sure where to start and would appreciate a simple answer that fits my week.,"[[64, 79, ""GOAL""]]","[72, 79, ""GOAL""]","overlap; longest span kept: (64, 79, 'GOAL')"
train:556,need a a 3 days beginner home equipment workout plan for general fitness,"[[57, 72, ""GOAL""]]","[65, 72, ""GOAL""]","overlap; longest span kept: (57, 72, 'GOAL')"
train:557,plan out a 3 days beginner home equipment workuot plan for general fitness,"[[59, 74, ""GOAL""]]","[67, 74, ""GOAL""]","overlap; longest span kept: (59, 74, 'GOAL')"
train:558,what would a a 3 days beginner home equipment workout plan for general fitness,"[[63, 78, ""GOAL""]]","[71, 78, ""GOAL""]","overlap; longest span kept: (63, 78, 'GOAL')"
train:559,put together a 3 days beginner home equipment wo plan for general fitness,"[[58, 73, ""GOAL""]]","[66, 73, ""GOAL""]","overlap; longest span kept: (58, 73, 'GOAL')"
train:560,id like a 3 days beginner home equipment workout plan for general fitness I am not sure where to start and would appreciate a simple answer that fits my week.,"[[58, 73, ""GOAL""]]","[66, 73, ""GOAL""]","overlap; longest span kept: (58, 73, 'GOAL')"
train:578,which moves target hamstrings using resistance bands,"[[36, 52, ""EQUIPMENT""]]","[47, 52, ""EQUIPMENT""]","overlap; longest span kept: (36, 52, 'EQUIPMENT')"
train:579,what can i use for hamstrings using resistance bands,"[[36, 52, ""EQUIPMENT""]]","[47, 52, ""EQUIPMENT""]","overlap; longest span kept: (36, 52, 'EQUIPMENT')"
train:580,show me options for hamstrings using resistance bands,"[[37, 53, ""EQUIPMENT""]]","[48, 53, ""EQUIPMENT""]","overlap; longest span kept: (37, 53, 'EQUIPMENT')"
train:581,im after exercises for hamstrings using resistance bands I am not sure where to start and would appreciate a simple answer that fits my week.,"[[40, 56, ""EQUIPMENT""]]","[51, 56, ""EQUIPMENT""]","overlap; longest span kept: (40, 56, 'EQUIPMENT')"
train:582,point me to moves for hamstrings using resistance bands,"[[39, 55, ""EQUIPMENT""]]","[50, 55, ""EQUIPMENT""]","overlap; longest span kept: (39, 55, 'EQUIPMENT')"
train:583,give me ideas for hamstrings using resistance bands,"[[35, 51, ""EQUIPMENT""]]","[46, 51, ""EQUIPMENT""]","overlap; longest span kept: (35, 51, 'EQUIPMENT')"
train:584,what should i try for hamstrings using resistance bands,"[[39, 55, ""EQUIPMENT""]]","[50, 55, ""EQUIPMENT""]","overlap; longest span kept: (39, 55, 'EQUIPMENT')"
train:585,recommend movements for hamstrings using resistance bands I am not sure where to start and would appreciate a simple answer that fits my week.,"[[41, 57, ""EQUIPMENT""]]","[52, 57, ""EQUIPMENT""]","overlap; longest span kept: (41, 57, 'EQUIPMENT')"
train:586,any good exercises for hamstrings using resistance bands,"[[40, 56, ""EQUIPMENT""]]","[51, 56, ""EQUIPMENT""]","overlap; longest span kept: (40, 56, 'EQUIPMENT')"
train:587,how can i train my hamstrings using resistance bands,"[[36, 52, ""EQUIPMENT""]]","[47, 52, ""EQUIPMENT""]","overlap; longest span kept: (36, 52, 'EQUIPMENT')"
train:588,what hits my hamstrings using resistance bands,"[[30, 46, ""EQUIPMENT""]]","[41, 46, ""EQUIPMENT""]","overlap; longest span kept: (30, 46, 'EQUIPMENT')"
train:589,can u list moves for hamstrings using resistance bands,"[[38, 54, ""EQUIPMENT""]]","[49, 54, ""EQUIPMENT""]","overlap; longest span kept: (38, 54, 'EQUIPMENT')"
train:590,need exercises for hamstrings using resistance bands I am not sure where to start and would appreciate a simple answer that fits my week.,"[[36, 52, ""EQUIPMENT""]]","[47, 52, ""EQUIPMENT""]","overlap; longest span kept: (36, 52, 'EQUIPMENT')"
train:591,what are good moves for hamstrings using resistance bands,"[[41, 57, ""EQUIPMENT""]]","[52, 57, ""EQUIPMENT""]","overlap; longest span kept: (41, 57, 'EQUIPMENT')"
train:592,help me find work for hamstrings using resistance bands,"[[39, 55, ""EQUIPMENT""]]","[50, 55, ""EQUIPMENT""]","overlap; longest span kept: (39, 55, 'EQUIPMENT')"
train:593,which exercises help hamstrings using resistance bands,"[[38, 54, ""EQUIPMENT""]]","[49, 54, ""EQUIPMENT""]","overlap; longest span kept: (38, 54, 'EQUIPMENT')"
train:594,id like options for hamstrings using resistance bands I am not sure where to start and would appreciate a simple answer that fits my week.,"[[37, 53, ""EQUIPMENT""]]","[48, 53, ""EQUIPMENT""]","overlap; longest span kept: (37, 53, 'EQUIPMENT')"
train:595,what can i do for hamstrings using resistance bands,"[[35, 51, ""EQUIPMENT""]]","[46, 51, ""EQUIPMENT""]","overlap; longest span kept: (35, 51, 'EQUIPMENT')"
train:596,name some exersizes for hamstrings using resistance bands,"[[41, 57, ""EQUIPMENT""]]","[52, 57, ""EQUIPMENT""]","overlap; longest span kept: (41, 57, 'EQUIPMENT')"
train:597,suggest moves for hamstrings using resistance bands,"[[35, 51, ""EQUIPMENT""]]","[46, 51, ""EQUIPMENT""]","overlap; longest span kept: (35, 51, 'EQUIPMENT')"
train:598,got anything for hamstrings using resistance bands,"[[34, 50, ""EQUIPMENT""]]","[45, 50, ""EQUIPMENT""]","overlap; longest span kept: (34, 50, 'EQUIPMENT')"
train:599,which lifts work hamstrings using resistance bands I am not sure where to start and would appreciate a simple answer that fits my week.,"[[34, 50, ""EQUIPMENT""]]","[45, 50, ""EQUIPMENT""]","overlap; longest span kept: (34, 50, 'EQUIPMENT')"
train:600,can u recomend hamstrings using resistance bands,"[[32, 48, ""EQUIPMENT""]]","[43, 48, ""EQUIPMENT""]","overlap; longest span kept: (32, 48, 'EQUIPMENT')"
train:601,pls suggest hamstrings using resistance bands,"[[29, 45, ""EQUIPMENT""]]","[40, 45, ""EQUIPMENT""]","overlap; longest span kept: (29, 45, 'EQUIPMENT')"
train:602,im looking for moves for hamstrings using resistance bands,"[[42, 58, ""EQUIPMENT""]]","[53, 58, ""EQUIPMENT""]","overlap; longest span kept: (42, 58, 'EQUIPMENT')"
train:603,give me a few for hamstrings using resistance bands I am not sure where to start and would appreciate a simple answer that fits my week.,"[[35, 51, ""EQUIPMENT""]]","[46, 51, ""EQUIPMENT""]","overlap; longest span kept: (35, 51, 'EQUIPMENT')"
train:604,what are my options for hamstrings using resistance bands,"[[41, 57, ""EQUIPMENT""]]","[52, 57, ""EQUIPMENT""]","overlap; longest span kept: (41, 57, 'EQUIPMENT')"
train:605,help with exersizes for hamstrings using resistance bands,"[[41, 57, ""EQUIPMENT""]]","[52, 57, ""EQUIPMENT""]","overlap; longest span kept: (41, 57, 'EQUIPMENT')"
train:606,which move is good for hamstrings using resistance bands,"[[40, 56, ""EQUIPMENT""]]","[51, 56, ""EQUIPMENT""]","overlap; longest span kept: (40, 56, 'EQUIPMENT')"
train:713,what is a good setup for glute bridge and tell me the main form cues,"[[25, 37, ""EXERCISE""]]","[25, 30, ""BODY_PART""]","overlap; longest span kept: (25, 37, 'EXERCISE')"
train:714,help me learn glute bridge and tell me the main form cues,"[[14, 26, ""EXERCISE""]]","[14, 19, ""BODY_PART""]","overlap; longest span kept: (14, 26, 'EXERCISE')"
train:715,how do i correctly do glute bridge and tell me the main form cues,"[[22, 34, ""EXERCISE""]]","[22, 27, ""BODY_PART""]","overlap; longest span kept: (22, 34, 'EXERCISE')"
train:716,what mistakes happen in glute bridge and tell me the main form cues I am not sure where to start and would appreciate a simple answer that fits my week.,"[[24, 36, ""EXERCISE""]]","[24, 29, ""BODY_PART""]","overlap; longest span kept: (24, 36, 'EXERCISE')"
train:717,how do i nail glute bridge and tell me the main form cues,"[[14, 26, ""EXERCISE""]]","[14, 19, ""BODY_PART""]","overlap; longest span kept: (14, 26, 'EXERCISE')"
train:718,explain the setup for glute bridge and tell me the main form cues,"[[22, 34, ""EXERCISE""]]","[22, 27, ""BODY_PART""]","overlap; longest span kept: (22, 34, 'EXERCISE')"
train:719,what cues help with glute bridge and tell me the main form cues,"[[20, 32, ""EXERCISE""]]","[20, 25, ""BODY_PART""]","overlap; longest span kept: (20, 32, 'EXERCISE')"
train:720,how do i perform calf raise and tell me the main form cues,"[[17, 27, ""EXERCISE""]]","[17, 21, ""BODY_PART""]","overlap; longest span kept: (17, 27, 'EXERCISE')"
train:721,what is the form for calf raise and tell me the main form cues I am not sure where to start and would appreciate a simple answer that fits my week.,"[[21, 31, ""EXERCISE""]]","[21, 25, ""BODY_PART""]","overlap; longest span kept: (21, 31, 'EXERCISE')"
train:722,calf raise form,"[[0, 10, ""EXERCISE""]]","[0, 4, ""BODY_PART""]","overlap; longest span kept: (0, 10, 'EXERCISE')"
train:723,show me how to do calf raise and tell me the main form cues,"[[18, 28, ""EXERCISE""]]","[18, 22, ""BODY_PART""]","overlap; longest span kept: (18, 28, 'EXERCISE')"
train:724,how should i do calf raise and tell me the main form cues,"[[16, 26, ""EXERCISE""]]","[16, 20, ""BODY_PART""]","overlap; longest span kept: (16, 26, 'EXERCISE')"
train:725,whats the safest way to do calf raise and tell me the main form cues,"[[27, 37, ""EXERCISE""]]","[27, 31, ""BODY_PART""]","overlap; longest span kept: (27, 37, 'EXERCISE')"
train:726,walk me through calf raise and tell me the main form cues I am not sure where to start and would appreciate a simple answer that fits my week.,"[[16, 26, ""EXERCISE""]]","[16, 20, ""BODY_PART""]","overlap; longest span kept: (16, 26, 'EXERCISE')"
train:727,how do you do calf raise and tell me the main form cues,"[[14, 24, ""EXERCISE""]]","[14, 18, ""BODY_PART""]","overlap; longest span kept: (14, 24, 'EXERCISE')"
train:728,i need help with calf raise and tell me the main form cues,"[[17, 27, ""EXERCISE""]]","[17, 21, ""BODY_PART""]","overlap; longest span kept: (17, 27, 'EXERCISE')"
train:729,form check for calf raise and tell me the main form cues,"[[15, 25, ""EXERCISE""]]","[15, 19, ""BODY_PART""]","overlap; longest span kept: (15, 25, 'EXERCISE')"
train:730,what are the cues for calf raise and tell me the main form cues,"[[22, 32, ""EXERCISE""]]","[22, 26, ""BODY_PART""]","overlap; longest span kept: (22, 32, 'EXERCISE')"
train:731,how can i improve calf raise and tell me the main form cues I am not sure where to start and would appreciate a simple answer that fits my week.,"[[18, 28, ""EXERCISE""]]","[18, 22, ""BODY_PART""]","overlap; longest span kept: (18, 28, 'EXERCISE')"
train:733,could you teach me calf raise and tell me the main form cues,"[[19, 29, ""EXERCISE""]]","[19, 23, ""BODY_PART""]","overlap; longest span kept: (19, 29, 'EXERCISE')"
train:734,tell me how to perform calf raise and tell me the main form cues,"[[23, 33, ""EXERCISE""]]","[23, 27, ""BODY_PART""]","overlap; longest span kept: (23, 33, 'EXERCISE')"
train:735,how am i meant to do calf raise and tell me the main form cues,"[[21, 31, ""EXERCISE""]]","[21, 25, ""BODY_PART""]","overlap; longest span kept: (21, 31, 'EXERCISE')"
train:736,can u explain calf raise and tell me the main form cues I am not sure where to start and would appreciate a simple answer that fits my week.,"[[14, 24, ""EXERCISE""]]","[14, 18, ""BODY_PART""]","overlap; longest span kept: (14, 24, 'EXERCISE')"
train:737,pls show me calf raise and tell me the main form cues,"[[12, 22, ""EXERCISE""]]","[12, 16, ""BODY_PART""]","overlap; longest span kept: (12, 22, 'EXERCISE')"
train:738,im confused about calf raise and tell me the main form cues,"[[18, 28, ""EXERCISE""]]","[18, 22, ""BODY_PART""]","overlap; longest span kept: (18, 28, 'EXERCISE')"
train:739,what should i focus on for calf raise and tell me the main form cues,"[[27, 37, ""EXERCISE""]]","[27, 31, ""BODY_PART""]","overlap; longest span kept: (27, 37, 'EXERCISE')"
train:740,how do i set up calf raise and tell me the main form cues,"[[16, 26, ""EXERCISE""]]","[16, 20, ""BODY_PART""]","overlap; longest span kept: (16, 26, 'EXERCISE')"
train:741,how should my form look for calf raise and tell me the main form cues I am not sure where to start and would appreciate a simple answer that fits my week.,"[[28, 38, ""EXERCISE""]]","[28, 32, ""BODY_PART""]","overlap; longest span kept: (28, 38, 'EXERCISE')"
train:742,technique tips for calf raise and tell me the main form cues,"[[19, 29, ""EXERCISE""]]","[19, 23, ""BODY_PART""]","overlap; longest span kept: (19, 29, 'EXERCISE')"
train:743,how is this exercise done calf raise and tell me the main form cues,"[[26, 36, ""EXERCISE""]]","[26, 30, ""BODY_PART""]","overlap; longest span kept: (26, 36, 'EXERCISE')"
train:744,what is a good setup for calf raise and tell me the main form cues,"[[25, 35, ""EXERCISE""]]","[25, 29, ""BODY_PART""]","overlap; longest span kept: (25, 35, 'EXERCISE')"
train:745,help me learn calf raise and tell me the main form cues I am not sure where to start and would appreciate a simple answer that fits my week.,"[[14, 24, ""EXERCISE""]]","[14, 18, ""BODY_PART""]","overlap; longest span kept: (14, 24, 'EXERCISE')"
train:746,how do i correctly do calf raise and tell me the main form cues,"[[22, 32, ""EXERCISE""]]","[22, 26, ""BODY_PART""]","overlap; longest span kept: (22, 32, 'EXERCISE')"
train:747,what mistakes happen in calf raise and tell me the main form cues,"[[24, 34, ""EXERCISE""]]","[24, 28, ""BODY_PART""]","overlap; longest span kept: (24, 34, 'EXERCISE')"
train:748,how do i nail calf raise and tell me the main form cues,"[[14, 24, ""EXERCISE""]]","[14, 18, ""BODY_PART""]","overlap; longest span kept: (14, 24, 'EXERCISE')"
train:749,explain the setup for calf raise and tell me the main form cues,"[[22, 32, ""EXERCISE""]]","[22, 26, ""BODY_PART""]","overlap; longest span kept: (22, 32, 'EXERCISE')"
train:750,what cues help with calf raise and tell me the main form cues I am not sure where to start and would appreciate a simple answer that fits my week.,"[[20, 30, ""EXERCISE""]]","[20, 24, ""BODY_PART""]","overlap; longest span kept: (20, 30, 'EXERCISE')"
train:839,how do i perform bench press and tell me the main form cues,"[[17, 28, ""EXERCISE""]]","[17, 22, ""EQUIPMENT""]","overlap; longest span kept: (17, 28, 'EXERCISE')"
train:839,how do i perform bench press and tell me the main form cues,"[[17, 28, ""EXERCISE""]]","[17, 22, ""EXERCISE""]","overlap; longest span kept: (17, 28, 'EXERCISE')"
train:840,what is the form for bench press and tell me the main form cues,"[[21, 32, ""EXERCISE""]]","[21, 26, ""EQUIPMENT""]","overlap; longest span kept: (21, 32, 'EXERCISE')"
train:840,what is the form for bench press and tell me the main form cues,"[[21, 32, ""EXERCISE""]]","[21, 26, ""EXERCISE""]","overlap; longest span kept: (21, 32, 'EXERCISE')"
train:841,can u explain bench press and tell me the main form cues,"[[14, 25, ""EXERCISE""]]","[14, 19, ""EQUIPMENT""]","overlap; longest span kept: (14, 25, 'EXERCISE')"
train:841,can u explain bench press and tell me the main form cues,"[[14, 25, ""EXERCISE""]]","[14, 19, ""EXERCISE""]","overlap; longest span kept: (14, 25, 'EXERCISE')"
train:842,show me how to do bench press and tell me the main form cues I am not sure where to start and would appreciate a simple answer that fits my week.,"[[18, 29, ""EXERCISE""]]","[18, 23, ""EQUIPMENT""]","overlap; longest span kept: (18, 29, 'EXERCISE')"
train:842,show me how to do bench press and tell me the main form cues I am not sure where to start and would appreciate a simple answer that fits my week.,"[[18, 29, ""EXERCISE""]]","[18, 23, ""EXERCISE""]","overlap; longest span kept: (18, 29, 'EXERCISE')"
train:843,whats the safest way to do bench press and tell me the main form cues,"[[27, 38, ""EXERCISE""]]","[27, 32, ""EQUIPMENT""]","overlap; longest span kept: (27, 38, 'EXERCISE')"
train:843,whats the safest way to do bench press and tell me the main form cues,"[[27, 38, ""EXERCISE""]]","[27, 32, ""EXERCISE""]","overlap; longest span kept: (27, 38, 'EXERCISE')"
train:844,walk me through bench press and tell me the main form cues,"[[16, 27, ""EXERCISE""]]","[16, 21, ""EQUIPMENT""]","overlap; longest span kept: (16, 27, 'EXERCISE')"
train:844,walk me through bench press and tell me the main form cues,"[[16, 27, ""EXERCISE""]]","[16, 21, ""EXERCISE""]","overlap; longest span kept: (16, 27, 'EXERCISE')"
train:845,how do you do bench press and tell me the main form cues,"[[14, 25, ""EXERCISE""]]","[14, 19, ""EQUIPMENT""]","overlap; longest span kept: (14, 25, 'EXERCISE')"
train:845,how do you do bench press and tell me the main form cues,"[[14, 25, ""EXERCISE""]]","[14, 19, ""EXERCISE""]","overlap; longest span kept: (14, 25, 'EXERCISE')"
train:846,i need help with bench press and tell me the main form cues I am not sure where to start and would appreciate a simple answer that fits my week.,"[[17, 28, ""EXERCISE""]]","[17, 22, ""EQUIPMENT""]","overlap; longest span kept: (17, 28, 'EXERCISE')"
train:846,i need help with bench press and tell me the main form cues I am not sure where to start and would appreciate a simple answer that fits my week.,"[[17, 28, ""EXERCISE""]]","[17, 22, ""EXERCISE""]","overlap; longest span kept: (17, 28, 'EXERCISE')"
train:847,form check for bench press and tell me the main form cues,"[[15, 26, ""EXERCISE""]]","[15, 20, ""EQUIPMENT""]","overlap; longest span kept: (15, 26, 'EXERCISE')"
train:847,form check for bench press and tell me the main form cues,"[[15, 26, ""EXERCISE""]]","[15, 20, ""EXERCISE""]","overlap; longest span kept: (15, 26, 'EXERCISE')"
train:848,what are the cues for bench press and tell me the main form cues,"[[22, 33, ""EXERCISE""]]","[22, 27, ""EQUIPMENT""]","overlap; longest span kept: (22, 33, 'EXERCISE')"
train:848,what are the cues for bench press and tell me the main form cues,"[[22, 33, ""EXERCISE""]]","[22, 27, ""EXERCISE""]","overlap; longest span kept: (22, 33, 'EXERCISE')"
train:849,how can i improve bench press and tell me the main form cues,"[[18, 29, ""EXERCISE""]]","[18, 23, ""EQUIPMENT""]","overlap; longest span kept: (18, 29, 'EXERCISE')"
train:849,how can i improve bench press and tell me the main form cues,"[[18, 29, ""EXERCISE""]]","[18, 23, ""EXERCISE""]","overlap; longest span kept: (18, 29, 'EXERCISE')"
train:850,what does good form look like for bench press and tell me the main form cues,"[[34, 45, ""EXERCISE""]]","[34, 39, ""EQUIPMENT""]","overlap; longest span kept: (34, 45, 'EXERCISE')"
train:850,what does good form look like for bench press and tell me the main form cues,"[[34, 45, ""EXERCISE""]]","[34, 39, ""EXERCISE""]","overlap; longest span kept: (34, 45, 'EXERCISE')"
train:851,could you teach me bench press and tell me the main form cues I am not sure where to start and would appreciate a simple answer that fits my week.,"[[19, 30, ""EXERCISE""]]","[19, 24, ""EQUIPMENT""]","overlap; longest span kept: (19, 30, 'EXERCISE')"
train:851,could you teach me bench press and tell me the main form cues I am not sure where to start and would appreciate a simple answer that fits my week.,"[[19, 30, ""EXERCISE""]]","[19, 24, ""EXERCISE""]","overlap; longest span kept: (19, 30, 'EXERCISE')"
train:852,bench press form,"[[0, 11, ""EXERCISE""]]","[0, 5, ""EQUIPMENT""]","overlap; longest span kept: (0, 11, 'EXERCISE')"
train:852,bench press form,"[[0, 11, ""EXERCISE""]]","[0, 5, ""EXERCISE""]","overlap; longest span kept: (0, 11, 'EXERCISE')"
train:853,how am i meant to do bench press and tell me the main form cues,"[[21, 32, ""EXERCISE""]]","[21, 26, ""EQUIPMENT""]","overlap; longest span kept: (21, 32, 'EXERCISE')"
train:853,how am i meant to do bench press and tell me the main form cues,"[[21, 32, ""EXERCISE""]]","[21, 26, ""EXERCISE""]","overlap; longest span kept: (21, 32, 'EXERCISE')"
train:854,pls show me bench press and tell me the main form cues,"[[12, 23, ""EXERCISE""]]","[12, 17, ""EQUIPMENT""]","overlap; longest span kept: (12, 23, 'EXERCISE')"
train:854,pls show me bench press and tell me the main form cues,"[[12, 23, ""EXERCISE""]]","[12, 17, ""EXERCISE""]","overlap; longest span kept: (12, 23, 'EXERCISE')"
train:855,im confused about bench press and tell me the main form cues I am not sure where to start and would appreciate a simple answer that fits my week.,"[[18, 29, ""EXERCISE""]]","[18, 23, ""EQUIPMENT""]","overlap; longest span kept: (18, 29, 'EXERCISE')"
train:855,im confused about bench press and tell me the main form cues I am not sure where to start and would appreciate a simple answer that fits my week.,"[[18, 29, ""EXERCISE""]]","[18, 23, ""EXERCISE""]","overlap; longest span kept: (18, 29, 'EXERCISE')"
train:856,what should i focus on for bench press and tell me the main form cues,"[[27, 38, ""EXERCISE""]]","[27, 32, ""EQUIPMENT""]","overlap; longest span kept: (27, 38, 'EXERCISE')"
train:856,what should i focus on for bench press and tell me the main form cues,"[[27, 38, ""EXERCISE""]]","[27, 32, ""EXERCISE""]","overlap; longest span kept: (27, 38, 'EXERCISE')"
train:857,how do i set up bench press and tell me the main form cues,"[[16, 27, ""EXERCISE""]]","[16, 21, ""EQUIPMENT""]","overlap; longest span kept: (16, 27, 'EXERCISE')"
train:857,how do i set up bench press and tell me the main form cues,"[[16, 27, ""EXERCISE""]]","[16, 21, ""EXERCISE""]","overlap; longest span kept: (16, 27, 'EXERCISE')"
train:858,how should my form look for bench press and tell me the main form cues,"[[28, 39, ""EXERCISE""]]","[28, 33, ""EQUIPMENT""]","overlap; longest span kept: (28, 39, 'EXERCISE')"
train:858,how should my form look for bench press and tell me the main form cues,"[[28, 39, ""EXERCISE""]]","[28, 33, ""EXERCISE""]","overlap; longest span kept: (28, 39, 'EXERCISE')"
train:859,can someone explain bench press and tell me the main form cues,"[[20, 31, ""EXERCISE""]]","[20, 25, ""EQUIPMENT""]","overlap; longest span kept: (20, 31, 'EXERCISE')"
train:859,can someone explain bench press and tell me the main form cues,"[[20, 31, ""EXERCISE""]]","[20, 25, ""EXERCISE""]","overlap; longest span kept: (20, 31, 'EXERCISE')"
train:860,technique tips for bench press and tell me the main form cues I am not sure where to start and would appreciate a simple answer that fits my week.,"[[19, 30, ""EXERCISE""]]","[19, 24, ""EQUIPMENT""]","overlap; longest span kept: (19, 30, 'EXERCISE')"
train:860,technique tips for bench press and tell me the main form cues I am not sure where to start and would appreciate a simple answer that fits my week.,"[[19, 30, ""EXERCISE""]]","[19, 24, ""EXERCISE""]","overlap; longest span kept: (19, 30, 'EXERCISE')"
train:861,what is a good setup for bench press and tell me the main form cues,"[[25, 36, ""EXERCISE""]]","[25, 30, ""EQUIPMENT""]","overlap; longest span kept: (25, 36, 'EXERCISE')"
train:861,what is a good setup for bench press and tell me the main form cues,"[[25, 36, ""EXERCISE""]]","[25, 30, ""EXERCISE""]","overlap; longest span kept: (25, 36, 'EXERCISE')"
train:892,what should i eat for cut at breakfast; would greek yogurt work and what should i eat after training,"[[46, 58, ""FOOD""]]","[52, 58, ""FOOD""]","overlap; longest span kept: (46, 58, 'FOOD')"
train:893,give me food ideas for cut at breakfast; would Greek yogurt work and what should I eat after training,"[[47, 59, ""FOOD""]]","[53, 59, ""FOOD""]","overlap; longest span kept: (47, 59, 'FOOD')"
train:894,how can i fuel cut at breakfast; would Greek yogurt work and what should I eat after training I am not sure where to start and would appreciate a simple answer that fits my week.,"[[39, 51, ""FOOD""]]","[45, 51, ""FOOD""]","overlap; longest span kept: (39, 51, 'FOOD')"
train:895,what meals help with cut at breakfast would greek yogurt work and what should i eat after training,"[[44, 56, ""FOOD""]]","[50, 56, ""FOOD""]","overlap; longest span kept: (44, 56, 'FOOD')"
train:896,im trying to eat for cut at breakfast; would Greek yogurt work and what should I eat after training,"[[45, 57, ""FOOD""]]","[51, 57, ""FOOD""]","overlap; longest span kept: (45, 57, 'FOOD')"
train:897,which foods support cut at breakfast; would greek yogurt work and what should i eat after training,"[[44, 56, ""FOOD""]]","[50, 56, ""FOOD""]","overlap; longest span kept: (44, 56, 'FOOD')"
train:898,what are good foods for cut at breakfast; would Greek yogurt work and what should I eat after training,"[[48, 60, ""FOOD""]]","[54, 60, ""FOOD""]","overlap; longest span kept: (48, 60, 'FOOD')"
train:899,tell me about eating for cut at breakfast; would Greek yogurt work and what should I eat after training I am not sure where to start and would appreciate a simple answer that fits my week.,"[[49, 61, ""FOOD""]]","[55, 61, ""FOOD""]","overlap; longest span kept: (49, 61, 'FOOD')"
train:901,what macros suit cut at breakfast; would Greek yogurt work and what should I eat after training,"[[41, 53, ""FOOD""]]","[47, 53, ""FOOD""]","overlap; longest span kept: (41, 53, 'FOOD')"
train:902,how much protein for cut at breakfast; would greek yogurt work and what should i eat after training,"[[45, 57, ""FOOD""]]","[51, 57, ""FOOD""]","overlap; longest span kept: (45, 57, 'FOOD')"
train:903,meal ideas for cut at breakfast; would Greek yogurt work and what should I eat after training,"[[39, 51, ""FOOD""]]","[45, 51, ""FOOD""]","overlap; longest span kept: (39, 51, 'FOOD')"
train:904,what would you eat for cut at breakfast; would Greek yogurt work and what should I eat after training I am not sure where to start and would appreciate a simple answer that fits my week.,"[[47, 59, ""FOOD""]]","[53, 59, ""FOOD""]","overlap; longest span kept: (47, 59, 'FOOD')"
train:905,help me plan food for cut at breakfast would greek yogurt work and what should i eat after training,"[[45, 57, ""FOOD""]]","[51, 57, ""FOOD""]","overlap; longest span kept: (45, 57, 'FOOD')"
train:906,is this good nutriton for cut at breakfast; would Greek yogurt work and what should I eat after training,"[[50, 62, ""FOOD""]]","[56, 62, ""FOOD""]","overlap; longest span kept: (50, 62, 'FOOD')"
train:907,what should my diet look like for cut at breakfast; would greek yogurt work and what should i eat after training,"[[58, 70, ""FOOD""]]","[64, 70, ""FOOD""]","overlap; longest span kept: (58, 70, 'FOOD')"
train:908,gym bro what do i eat for cut at breakfast; would Greek yogurt work and what should I eat after training,"[[50, 62, ""FOOD""]]","[56, 62, ""FOOD""]","overlap; longest span kept: (50, 62, 'FOOD')"
train:909,what foods are useful for cut at breakfast; would Greek yogurt work and what should I eat after training I am not sure where to start and would appreciate a simple answer that fits my week.,"[[50, 62, ""FOOD""]]","[56, 62, ""FOOD""]","overlap; longest span kept: (50, 62, 'FOOD')"
train:910,pls suggest food for cut at breakfast; would Greek yogurt work and what should I eat after training,"[[45, 57, ""FOOD""]]","[51, 57, ""FOOD""]","overlap; longest span kept: (45, 57, 'FOOD')"
train:911,how should i fuel cut at breakfast; would greek yogurt work and what should i eat after training,"[[42, 54, ""FOOD""]]","[48, 54, ""FOOD""]","overlap; longest span kept: (42, 54, 'FOOD')"
train:912,what can i have for cut at breakfast; would Greek yogurt work and what should I eat after training,"[[44, 56, ""FOOD""]]","[50, 56, ""FOOD""]","overlap; longest span kept: (44, 56, 'FOOD')"
train:913,what works as a meal for cut at breakfast; would Greek yogurt work and what should I eat after training I am not sure where to start and would appreciate a simple answer that fits my week.,"[[49, 61, ""FOOD""]]","[55, 61, ""FOOD""]","overlap; longest span kept: (49, 61, 'FOOD')"
train:914,any food tips for cut at breakfast would greek yogurt work and what should i eat after training,"[[41, 53, ""FOOD""]]","[47, 53, ""FOOD""]","overlap; longest span kept: (41, 53, 'FOOD')"
train:915,im unsure what to eat for cut at breakfast; would Greek yogurt work and what should I eat after training,"[[50, 62, ""FOOD""]]","[56, 62, ""FOOD""]","overlap; longest span kept: (50, 62, 'FOOD')"
train:916,what snacks help with cut at breakfast; would greek yogurt work and what should i eat after training,"[[46, 58, ""FOOD""]]","[52, 58, ""FOOD""]","overlap; longest span kept: (46, 58, 'FOOD')"
train:917,what should i prep for cut at breakfast; would Greek yogurt work and what should I eat after training,"[[47, 59, ""FOOD""]]","[53, 59, ""FOOD""]","overlap; longest span kept: (47, 59, 'FOOD')"
train:918,help with meals for cut at breakfast; would Greek yogurt work and what should I eat after training I am not sure where to start and would appreciate a simple answer that fits my week.,"[[44, 56, ""FOOD""]]","[50, 56, ""FOOD""]","overlap; longest span kept: (44, 56, 'FOOD')"
train:919,what do i eat when trying to cut at breakfast; would Greek yogurt work and what should I eat after training,"[[53, 65, ""FOOD""]]","[59, 65, ""FOOD""]","overlap; longest span kept: (53, 65, 'FOOD')"
train:920,what is a good meal for cut at breakfast; would greek yogurt work and what should i eat after training,"[[48, 60, ""FOOD""]]","[54, 60, ""FOOD""]","overlap; longest span kept: (48, 60, 'FOOD')"
train:921,can u help with nutrition for cut at breakfast; would Greek yogurt work and what should I eat after training,"[[54, 66, ""FOOD""]]","[60, 66, ""FOOD""]","overlap; longest span kept: (54, 66, 'FOOD')"
train:1059,i completed glute bridge: 3 sets of 10 reps with resistance bands and a 30 minute session I am not sure where to start and would appreciate a simple answer that fits my week.,"[[12, 24, ""EXERCISE""]]","[12, 17, ""BODY_PART""]","overlap; longest span kept: (12, 24, 'EXERCISE')"
train:1059,i completed glute bridge: 3 sets of 10 reps with resistance bands and a 30 minute session I am not sure where to start and would appreciate a simple answer that fits my week.,"[[49, 65, ""EQUIPMENT""]]","[60, 65, ""EQUIPMENT""]","overlap; longest span kept: (49, 65, 'EQUIPMENT')"
train:1060,did glute bridge,"[[4, 16, ""EXERCISE""]]","[4, 9, ""BODY_PART""]","overlap; longest span kept: (4, 16, 'EXERCISE')"
train:1061,log this glute bridge: 3 sets of 10 reps with resistance bands and a 30 minute session,"[[9, 21, ""EXERCISE""]]","[9, 14, ""BODY_PART""]","overlap; longest span kept: (9, 21, 'EXERCISE')"
train:1061,log this glute bridge: 3 sets of 10 reps with resistance bands and a 30 minute session,"[[46, 62, ""EQUIPMENT""]]","[57, 62, ""EQUIPMENT""]","overlap; longest span kept: (46, 62, 'EQUIPMENT')"
train:1062,record that i did glute bridge: 3 sets of 10 reps with resistance bands and a 30 minute session,"[[18, 30, ""EXERCISE""]]","[18, 23, ""BODY_PART""]","overlap; longest span kept: (18, 30, 'EXERCISE')"
train:1062,record that i did glute bridge: 3 sets of 10 reps with resistance bands and a 30 minute session,"[[55, 71, ""EQUIPMENT""]]","[66, 71, ""EQUIPMENT""]","overlap; longest span kept: (55, 71, 'EQUIPMENT')"
train:1063,just did glute bridge: 3 sets of 10 reps with resistance bands and a 30 minute session,"[[9, 21, ""EXERCISE""]]","[9, 14, ""BODY_PART""]","overlap; longest span kept: (9, 21, 'EXERCISE')"
train:1063,just did glute bridge: 3 sets of 10 reps with resistance bands and a 30 minute session,"[[46, 62, ""EQUIPMENT""]]","[57, 62, ""EQUIPMENT""]","overlap; longest span kept: (46, 62, 'EQUIPMENT')"
train:1064,my workout was glute bridge: 3 sets of 10 reps with resistance bands and a 30 minute session I am not sure where to start and would appreciate a simple answer that fits my week.,"[[15, 27, ""EXERCISE""]]","[15, 20, ""BODY_PART""]","overlap; longest span kept: (15, 27, 'EXERCISE')"
train:1064,my workout was glute bridge: 3 sets of 10 reps with resistance bands and a 30 minute session I am not sure where to start and would appreciate a simple answer that fits my week.,"[[52, 68, ""EQUIPMENT""]]","[63, 68, ""EQUIPMENT""]","overlap; longest span kept: (52, 68, 'EQUIPMENT')"
train:1065,i managed glute bridge 3 sets of 10 reps with resistance bands and a 30 minute session,"[[10, 22, ""EXERCISE""]]","[10, 15, ""BODY_PART""]","overlap; longest span kept: (10, 22, 'EXERCISE')"
train:1065,i managed glute bridge 3 sets of 10 reps with resistance bands and a 30 minute session,"[[46, 62, ""EQUIPMENT""]]","[57, 62, ""EQUIPMENT""]","overlap; longest span kept: (46, 62, 'EQUIPMENT')"
train:1066,i got through glute bridge: 3 sets of 10 reps with resistance bands and a 30 minute session,"[[14, 26, ""EXERCISE""]]","[14, 19, ""BODY_PART""]","overlap; longest span kept: (14, 26, 'EXERCISE')"
train:1066,i got through glute bridge: 3 sets of 10 reps with resistance bands and a 30 minute session,"[[51, 67, ""EQUIPMENT""]]","[62, 67, ""EQUIPMENT""]","overlap; longest span kept: (51, 67, 'EQUIPMENT')"
train:1067,please note glute bridge: 3 sets of 10 reps with resistance bands and a 30 minute session,"[[12, 24, ""EXERCISE""]]","[12, 17, ""BODY_PART""]","overlap; longest span kept: (12, 24, 'EXERCISE')"
train:1067,please note glute bridge: 3 sets of 10 reps with resistance bands and a 30 minute session,"[[49, 65, ""EQUIPMENT""]]","[60, 65, ""EQUIPMENT""]","overlap; longest span kept: (49, 65, 'EQUIPMENT')"
train:1068,save my glute bridge: 3 sets of 10 reps with resistance bands and a 30 minute session,"[[8, 20, ""EXERCISE""]]","[8, 13, ""BODY_PART""]","overlap; longest span kept: (8, 20, 'EXERCISE')"
train:1068,save my glute bridge: 3 sets of 10 reps with resistance bands and a 30 minute session,"[[45, 61, ""EQUIPMENT""]]","[56, 61, ""EQUIPMENT""]","overlap; longest span kept: (45, 61, 'EQUIPMENT')"
train:1069,i hit glute bridge: 3 sets of 10 reps with resistance bands and a 30 minute session I am not sure where to start and would appreciate a simple answer that fits my week.,"[[6, 18, ""EXERCISE""]]","[6, 11, ""BODY_PART""]","overlap; longest span kept: (6, 18, 'EXERCISE')"
train:1069,i hit glute bridge: 3 sets of 10 reps with resistance bands and a 30 minute session I am not sure where to start and would appreciate a simple answer that fits my week.,"[[43, 59, ""EQUIPMENT""]]","[54, 59, ""EQUIPMENT""]","overlap; longest span kept: (43, 59, 'EQUIPMENT')"
train:1070,mark down glute bridge: 3 sets of 10 reps with resistance bands and a 30 minute session,"[[10, 22, ""EXERCISE""]]","[10, 15, ""BODY_PART""]","overlap; longest span kept: (10, 22, 'EXERCISE')"
train:1070,mark down glute bridge: 3 sets of 10 reps with resistance bands and a 30 minute session,"[[47, 63, ""EQUIPMENT""]]","[58, 63, ""EQUIPMENT""]","overlap; longest span kept: (47, 63, 'EQUIPMENT')"
train:1071,i trained glute bridge: 3 sets of 10 reps with resistance bands and a 30 minute session,"[[10, 22, ""EXERCISE""]]","[10, 15, ""BODY_PART""]","overlap; longest span kept: (10, 22, 'EXERCISE')"
train:1071,i trained glute bridge: 3 sets of 10 reps with resistance bands and a 30 minute session,"[[47, 63, ""EQUIPMENT""]]","[58, 63, ""EQUIPMENT""]","overlap; longest span kept: (47, 63, 'EQUIPMENT')"
train:1072,my session included glute bridge: 3 sets of 10 reps with resistance bands and a 30 minute session,"[[20, 32, ""EXERCISE""]]","[20, 25, ""BODY_PART""]","overlap; longest span kept: (20, 32, 'EXERCISE')"
train:1072,my session included glute bridge: 3 sets of 10 reps with resistance bands and a 30 minute session,"[[57, 73, ""EQUIPMENT""]]","[68, 73, ""EQUIPMENT""]","overlap; longest span kept: (57, 73, 'EQUIPMENT')"
train:1073,i lifted glute bridge: 3 sets of 10 reps with resistance bands and a 30 minute session I am not sure where to start and would appreciate a simple answer that fits my week.,"[[9, 21, ""EXERCISE""]]","[9, 14, ""BODY_PART""]","overlap; longest span kept: (9, 21, 'EXERCISE')"
train:1073,i lifted glute bridge: 3 sets of 10 reps with resistance bands and a 30 minute session I am not sure where to start and would appreciate a simple answer that fits my week.,"[[46, 62, ""EQUIPMENT""]]","[57, 62, ""EQUIPMENT""]","overlap; longest span kept: (46, 62, 'EQUIPMENT')"
train:1074,i ran glute bridge 3 sets of 10 reps with resistance bands and a 30 minute session,"[[6, 18, ""EXERCISE""]]","[6, 11, ""BODY_PART""]","overlap; longest span kept: (6, 18, 'EXERCISE')"
train:1074,i ran glute bridge 3 sets of 10 reps with resistance bands and a 30 minute session,"[[42, 58, ""EQUIPMENT""]]","[53, 58, ""EQUIPMENT""]","overlap; longest span kept: (42, 58, 'EQUIPMENT')"
train:1075,i walked glute bridge: 3 sets of 10 reps with resistance bands and a 30 minute session,"[[9, 21, ""EXERCISE""]]","[9, 14, ""BODY_PART""]","overlap; longest span kept: (9, 21, 'EXERCISE')"
train:1075,i walked glute bridge: 3 sets of 10 reps with resistance bands and a 30 minute session,"[[46, 62, ""EQUIPMENT""]]","[57, 62, ""EQUIPMENT""]","overlap; longest span kept: (46, 62, 'EQUIPMENT')"
train:1076,i knocked out glute bridge: 3 sets of 10 reps with resistance bands and a 30 minute session,"[[14, 26, ""EXERCISE""]]","[14, 19, ""BODY_PART""]","overlap; longest span kept: (14, 26, 'EXERCISE')"
train:1076,i knocked out glute bridge: 3 sets of 10 reps with resistance bands and a 30 minute session,"[[51, 67, ""EQUIPMENT""]]","[62, 67, ""EQUIPMENT""]","overlap; longest span kept: (51, 67, 'EQUIPMENT')"
train:1077,i got my glute bridge: 3 sets of 10 reps with resistance bands and a 30 minute session,"[[9, 21, ""EXERCISE""]]","[9, 14, ""BODY_PART""]","overlap; longest span kept: (9, 21, 'EXERCISE')"
train:1077,i got my glute bridge: 3 sets of 10 reps with resistance bands and a 30 minute session,"[[46, 62, ""EQUIPMENT""]]","[57, 62, ""EQUIPMENT""]","overlap; longest span kept: (46, 62, 'EQUIPMENT')"
train:1078,finished a glute bridge: 3 sets of 10 reps with resistance bands and a 30 minute session I am not sure where to start and would appreciate a simple answer that fits my week.,"[[11, 23, ""EXERCISE""]]","[11, 16, ""BODY_PART""]","overlap; longest span kept: (11, 23, 'EXERCISE')"
train:1078,finished a glute bridge: 3 sets of 10 reps with resistance bands and a 30 minute session I am not sure where to start and would appreciate a simple answer that fits my week.,"[[48, 64, ""EQUIPMENT""]]","[59, 64, ""EQUIPMENT""]","overlap; longest span kept: (48, 64, 'EQUIPMENT')"
train:1079,just completed glute bridge: 3 sets of 10 reps with resistance bands and a 30 minute session,"[[15, 27, ""EXERCISE""]]","[15, 20, ""BODY_PART""]","overlap; longest span kept: (15, 27, 'EXERCISE')"
train:1079,just completed glute bridge: 3 sets of 10 reps with resistance bands and a 30 minute session,"[[52, 68, ""EQUIPMENT""]]","[63, 68, ""EQUIPMENT""]","overlap; longest span kept: (52, 68, 'EQUIPMENT')"
train:1080,for my record i did glute bridge: 3 sets of 10 reps with resistance bands and a 30 minute session,"[[20, 32, ""EXERCISE""]]","[20, 25, ""BODY_PART""]","overlap; longest span kept: (20, 32, 'EXERCISE')"
train:1080,for my record i did glute bridge: 3 sets of 10 reps with resistance bands and a 30 minute session,"[[57, 73, ""EQUIPMENT""]]","[68, 73, ""EQUIPMENT""]","overlap; longest span kept: (57, 73, 'EQUIPMENT')"
train:1081,today i did glute bridge: 3 sets of 10 reps with resistance bands and a 30 minute session,"[[12, 24, ""EXERCISE""]]","[12, 17, ""BODY_PART""]","overlap; longest span kept: (12, 24, 'EXERCISE')"
train:1081,today i did glute bridge: 3 sets of 10 reps with resistance bands and a 30 minute session,"[[49, 65, ""EQUIPMENT""]]","[60, 65, ""EQUIPMENT""]","overlap; longest span kept: (49, 65, 'EQUIPMENT')"
train:1082,yesterday i did glute bridge: 3 sets of 10 reps with resistance bands and a 30 minute session I am not sure where to start and would appreciate a simple answer that fits my week.,"[[16, 28, ""EXERCISE""]]","[16, 21, ""BODY_PART""]","overlap; longest span kept: (16, 28, 'EXERCISE')"
train:1082,yesterday i did glute bridge: 3 sets of 10 reps with resistance bands and a 30 minute session I am not sure where to start and would appreciate a simple answer that fits my week.,"[[53, 69, ""EQUIPMENT""]]","[64, 69, ""EQUIPMENT""]","overlap; longest span kept: (53, 69, 'EQUIPMENT')"
train:1083,this morning i did glute bridge 3 sets of 10 reps with resistance bands and a 30 minute session,"[[19, 31, ""EXERCISE""]]","[19, 24, ""BODY_PART""]","overlap; longest span kept: (19, 31, 'EXERCISE')"
train:1083,this morning i did glute bridge 3 sets of 10 reps with resistance bands and a 30 minute session,"[[55, 71, ""EQUIPMENT""]]","[66, 71, ""EQUIPMENT""]","overlap; longest span kept: (55, 71, 'EQUIPMENT')"
train:1084,last night i did glute bridge: 3 sets of 10 reps with resistance bands and a 30 minute session,"[[17, 29, ""EXERCISE""]]","[17, 22, ""BODY_PART""]","overlap; longest span kept: (17, 29, 'EXERCISE')"
train:1084,last night i did glute bridge: 3 sets of 10 reps with resistance bands and a 30 minute session,"[[54, 70, ""EQUIPMENT""]]","[65, 70, ""EQUIPMENT""]","overlap; longest span kept: (54, 70, 'EQUIPMENT')"
train:1085,no time word i did glute bridge: 3 sets of 10 reps with resistance bands and a 30 minute session,"[[19, 31, ""EXERCISE""]]","[19, 24, ""BODY_PART""]","overlap; longest span kept: (19, 31, 'EXERCISE')"
train:1085,no time word i did glute bridge: 3 sets of 10 reps with resistance bands and a 30 minute session,"[[56, 72, ""EQUIPMENT""]]","[67, 72, ""EQUIPMENT""]","overlap; longest span kept: (56, 72, 'EQUIPMENT')"
train:1086,gym bro log glute bridge: 3 sets of 10 reps with resistance bands and a 30 minute session,"[[12, 24, ""EXERCISE""]]","[12, 17, ""BODY_PART""]","overlap; longest span kept: (12, 24, 'EXERCISE')"
train:1086,gym bro log glute bridge: 3 sets of 10 reps with resistance bands and a 30 minute session,"[[49, 65, ""EQUIPMENT""]]","[60, 65, ""EQUIPMENT""]","overlap; longest span kept: (49, 65, 'EQUIPMENT')"
train:1087,quick log glute bridge: 3 sets of 10 reps with resistance bands and a 30 minute session I am not sure where to start and would appreciate a simple answer that fits my week.,"[[10, 22, ""EXERCISE""]]","[10, 15, ""BODY_PART""]","overlap; longest span kept: (10, 22, 'EXERCISE')"
train:1087,quick log glute bridge: 3 sets of 10 reps with resistance bands and a 30 minute session I am not sure where to start and would appreciate a simple answer that fits my week.,"[[47, 63, ""EQUIPMENT""]]","[58, 63, ""EQUIPMENT""]","overlap; longest span kept: (47, 63, 'EQUIPMENT')"
train:1088,can you track glute bridge: 3 sets of 10 reps with resistance bands and a 30 minute session,"[[14, 26, ""EXERCISE""]]","[14, 19, ""BODY_PART""]","overlap; longest span kept: (14, 26, 'EXERCISE')"
train:1088,can you track glute bridge: 3 sets of 10 reps with resistance bands and a 30 minute session,"[[51, 67, ""EQUIPMENT""]]","[62, 67, ""EQUIPMENT""]","overlap; longest span kept: (51, 67, 'EQUIPMENT')"
train:1089,i completed calf raise: 3 sets of 10 reps with bodyweight and a 30 minute session,"[[12, 22, ""EXERCISE""]]","[12, 16, ""BODY_PART""]","overlap; longest span kept: (12, 22, 'EXERCISE')"
train:1090,i finished calf raise: 3 sets of 10 reps with bodyweight and a 30 minute session,"[[11, 21, ""EXERCISE""]]","[11, 15, ""BODY_PART""]","overlap; longest span kept: (11, 21, 'EXERCISE')"
train:1091,log this calf raise: 3 sets of 10 reps with bodyweight and a 30 minute session I am not sure where to start and would appreciate a simple answer that fits my week.,"[[9, 19, ""EXERCISE""]]","[9, 13, ""BODY_PART""]","overlap; longest span kept: (9, 19, 'EXERCISE')"
train:1092,record that i did calf raise 3 sets of 10 reps with bodyweight and a 30 minute session,"[[18, 28, ""EXERCISE""]]","[18, 22, ""BODY_PART""]","overlap; longest span kept: (18, 28, 'EXERCISE')"
train:1093,just did calf raise: 3 sets of 10 reps with bodyweight and a 30 minute session,"[[9, 19, ""EXERCISE""]]","[9, 13, ""BODY_PART""]","overlap; longest span kept: (9, 19, 'EXERCISE')"
train:1094,my workout was calf raise: 3 sets of 10 reps with bodyweight and a 30 minute session,"[[15, 25, ""EXERCISE""]]","[15, 19, ""BODY_PART""]","overlap; longest span kept: (15, 25, 'EXERCISE')"
train:1095,i managed calf raise: 3 sets of 10 reps with bodyweight and a 30 minute session,"[[10, 20, ""EXERCISE""]]","[10, 14, ""BODY_PART""]","overlap; longest span kept: (10, 20, 'EXERCISE')"
train:1096,i got through calf raise: 3 sets of 10 reps with bodyweight and a 30 minute session I am not sure where to start and would appreciate a simple answer that fits my week.,"[[14, 24, ""EXERCISE""]]","[14, 18, ""BODY_PART""]","overlap; longest span kept: (14, 24, 'EXERCISE')"
train:1097,save my calf raise: 3 sets of 10 reps with bodyweight and a 30 minute session,"[[8, 18, ""EXERCISE""]]","[8, 12, ""BODY_PART""]","overlap; longest span kept: (8, 18, 'EXERCISE')"
train:1098,i hit calf raise: 3 sets of 10 reps with bodyweight and a 30 minute session,"[[6, 16, ""EXERCISE""]]","[6, 10, ""BODY_PART""]","overlap; longest span kept: (6, 16, 'EXERCISE')"
train:1099,i achieved calf raise: 3 sets of 10 reps with bodyweight and a 30 minute session,"[[11, 21, ""EXERCISE""]]","[11, 15, ""BODY_PART""]","overlap; longest span kept: (11, 21, 'EXERCISE')"
train:1100,mark down calf raise: 3 sets of 10 reps with bodyweight and a 30 minute session I am not sure where to start and would appreciate a simple answer that fits my week.,"[[10, 20, ""EXERCISE""]]","[10, 14, ""BODY_PART""]","overlap; longest span kept: (10, 20, 'EXERCISE')"
train:1101,i trained calf raise 3 sets of 10 reps with bodyweight and a 30 minute session,"[[10, 20, ""EXERCISE""]]","[10, 14, ""BODY_PART""]","overlap; longest span kept: (10, 20, 'EXERCISE')"
train:1102,my session included calf raise: 3 sets of 10 reps with bodyweight and a 30 minute session,"[[20, 30, ""EXERCISE""]]","[20, 24, ""BODY_PART""]","overlap; longest span kept: (20, 30, 'EXERCISE')"
train:1103,i lifted calf raise: 3 sets of 10 reps with bodyweight and a 30 minute session,"[[9, 19, ""EXERCISE""]]","[9, 13, ""BODY_PART""]","overlap; longest span kept: (9, 19, 'EXERCISE')"
train:1104,i ran calf raise: 3 sets of 10 reps with bodyweight and a 30 minute session,"[[6, 16, ""EXERCISE""]]","[6, 10, ""BODY_PART""]","overlap; longest span kept: (6, 16, 'EXERCISE')"
train:1105,i walked calf raise: 3 sets of 10 reps with bodyweight and a 30 minute session I am not sure where to start and would appreciate a simple answer that fits my week.,"[[9, 19, ""EXERCISE""]]","[9, 13, ""BODY_PART""]","overlap; longest span kept: (9, 19, 'EXERCISE')"
train:1106,i got my calf raise: 3 sets of 10 reps with bodyweight and a 30 minute session,"[[9, 19, ""EXERCISE""]]","[9, 13, ""BODY_PART""]","overlap; longest span kept: (9, 19, 'EXERCISE')"
train:1107,finished a calf raise: 3 sets of 10 reps with bodyweight and a 30 minute session,"[[11, 21, ""EXERCISE""]]","[11, 15, ""BODY_PART""]","overlap; longest span kept: (11, 21, 'EXERCISE')"
train:1108,done with calf raise: 3 sets of 10 reps with bodyweight and a 30 minute session,"[[10, 20, ""EXERCISE""]]","[10, 14, ""BODY_PART""]","overlap; longest span kept: (10, 20, 'EXERCISE')"
train:1109,just completed calf raise: 3 sets of 10 reps with bodyweight and a 30 minute session I am not sure where to start and would appreciate a simple answer that fits my week.,"[[15, 25, ""EXERCISE""]]","[15, 19, ""BODY_PART""]","overlap; longest span kept: (15, 25, 'EXERCISE')"
train:1110,for my record i did calf raise 3 sets of 10 reps with bodyweight and a 30 minute session,"[[20, 30, ""EXERCISE""]]","[20, 24, ""BODY_PART""]","overlap; longest span kept: (20, 30, 'EXERCISE')"
train:1111,today i did calf raise: 3 sets of 10 reps with bodyweight and a 30 minute session,"[[12, 22, ""EXERCISE""]]","[12, 16, ""BODY_PART""]","overlap; longest span kept: (12, 22, 'EXERCISE')"
train:1112,yesterday i did calf raise: 3 sets of 10 reps with bodyweight and a 30 minute session,"[[16, 26, ""EXERCISE""]]","[16, 20, ""BODY_PART""]","overlap; longest span kept: (16, 26, 'EXERCISE')"
train:1113,this morning i did calf raise: 3 sets of 10 reps with bodyweight and a 30 minute session,"[[19, 29, ""EXERCISE""]]","[19, 23, ""BODY_PART""]","overlap; longest span kept: (19, 29, 'EXERCISE')"
train:1114,last night i did calf raise: 3 sets of 10 reps with bodyweight and a 30 minute session I am not sure where to start and would appreciate a simple answer that fits my week.,"[[17, 27, ""EXERCISE""]]","[17, 21, ""BODY_PART""]","overlap; longest span kept: (17, 27, 'EXERCISE')"
train:1115,gym bro log calf raise: 3 sets of 10 reps with bodyweight and a 30 minute session,"[[12, 22, ""EXERCISE""]]","[12, 16, ""BODY_PART""]","overlap; longest span kept: (12, 22, 'EXERCISE')"
train:1116,quick log calf raise: 3 sets of 10 reps with bodyweight and a 30 minute session,"[[10, 20, ""EXERCISE""]]","[10, 14, ""BODY_PART""]","overlap; longest span kept: (10, 20, 'EXERCISE')"
train:1117,record my calf raise: 3 sets of 10 reps with bodyweight and a 30 minute session,"[[10, 20, ""EXERCISE""]]","[10, 14, ""BODY_PART""]","overlap; longest span kept: (10, 20, 'EXERCISE')"
train:1118,can you track calf raise: 3 sets of 10 reps with bodyweight and a 30 minute session I am not sure where to start and would appreciate a simple answer that fits my week.,"[[14, 24, ""EXERCISE""]]","[14, 18, ""BODY_PART""]","overlap; longest span kept: (14, 24, 'EXERCISE')"
train:1177,i feel general fitness; I keep skipping sessions and need a realistic way to begin,"[[7, 22, ""GOAL""]]","[15, 22, ""GOAL""]","overlap; longest span kept: (7, 22, 'GOAL')"
train:1178,help me general fitness; i keep skipping sessions and need a realistic way to begin,"[[8, 23, ""GOAL""]]","[16, 23, ""GOAL""]","overlap; longest span kept: (8, 23, 'GOAL')"
train:1179,give me general fitness; I keep skipping sessions and need a realistic way to begin,"[[8, 23, ""GOAL""]]","[16, 23, ""GOAL""]","overlap; longest span kept: (8, 23, 'GOAL')"
train:1180,motivate me general fitness; I keep skipping sessions and need a realistic way to begin I am not sure where to start and would appreciate a simple answer that fits my week.,"[[12, 27, ""GOAL""]]","[20, 27, ""GOAL""]","overlap; longest span kept: (12, 27, 'GOAL')"
train:1181,im struggling general fitness; I keep skipping sessions and need a realistic way to begin,"[[14, 29, ""GOAL""]]","[22, 29, ""GOAL""]","overlap; longest span kept: (14, 29, 'GOAL')"
train:1182,can you keep me general fitness; i keep skipping sessions and need a realistic way to begin,"[[16, 31, ""GOAL""]]","[24, 31, ""GOAL""]","overlap; longest span kept: (16, 31, 'GOAL')"
train:1183,i want to stay general fitness; I keep skipping sessions and need a realistic way to begin,"[[15, 30, ""GOAL""]]","[23, 30, ""GOAL""]","overlap; longest span kept: (15, 30, 'GOAL')"
train:1184,how do i stay general fitness; I keep skipping sessions and need a realistic way to begin I am not sure where to start and would appreciate a simple answer that fits my week.,"[[14, 29, ""GOAL""]]","[22, 29, ""GOAL""]","overlap; longest span kept: (14, 29, 'GOAL')"
train:1185,im losing general fitness i keep skipping sessions and need a realistic way to begin,"[[10, 25, ""GOAL""]]","[18, 25, ""GOAL""]","overlap; longest span kept: (10, 25, 'GOAL')"
train:1186,say something to general fitness; I keep skipping sessions and need a realistic way to begin,"[[17, 32, ""GOAL""]]","[25, 32, ""GOAL""]","overlap; longest span kept: (17, 32, 'GOAL')"
train:1187,i need a push general fitness; i keep skipping sessions and need a realistic way to begin,"[[14, 29, ""GOAL""]]","[22, 29, ""GOAL""]","overlap; longest span kept: (14, 29, 'GOAL')"
train:1188,fitness is hard and general fitness; I keep skipping sessions and need a realistic way to begin,"[[20, 35, ""GOAL""]]","[28, 35, ""GOAL""]","overlap; longest span kept: (20, 35, 'GOAL')"
train:1189,i keep general fitness; I keep skipping sessions and need a realistic way to begin I am not sure where to start and would appreciate a simple answer that fits my week.,"[[7, 22, ""GOAL""]]","[15, 22, ""GOAL""]","overlap; longest span kept: (7, 22, 'GOAL')"
train:1191,could you encourage general fitness; I keep skipping sessions and need a realistic way to begin,"[[20, 35, ""GOAL""]]","[28, 35, ""GOAL""]","overlap; longest span kept: (20, 35, 'GOAL')"
train:1192,please motivate general fitness; i keep skipping sessions and need a realistic way to begin,"[[16, 31, ""GOAL""]]","[24, 31, ""GOAL""]","overlap; longest span kept: (16, 31, 'GOAL')"
train:1193,why cant i general fitness; I keep skipping sessions and need a realistic way to begin,"[[11, 26, ""GOAL""]]","[19, 26, ""GOAL""]","overlap; longest span kept: (11, 26, 'GOAL')"
train:1194,starting again and general fitness; I keep skipping sessions and need a realistic way to begin I am not sure where to start and would appreciate a simple answer that fits my week.,"[[19, 34, ""GOAL""]]","[27, 34, ""GOAL""]","overlap; longest span kept: (19, 34, 'GOAL')"
train:1195,gym bro i need general fitness i keep skipping sessions and need a realistic way to begin,"[[15, 30, ""GOAL""]]","[23, 30, ""GOAL""]","overlap; longest span kept: (15, 30, 'GOAL')"
train:1196,can u hype me general fitness; I keep skipping sessions and need a realistic way to begin,"[[14, 29, ""GOAL""]]","[22, 29, ""GOAL""]","overlap; longest span kept: (14, 29, 'GOAL')"
train:1197,pls encourage general fitness; i keep skipping sessions and need a realistic way to begin,"[[14, 29, ""GOAL""]]","[22, 29, ""GOAL""]","overlap; longest span kept: (14, 29, 'GOAL')"
train:1198,i need help staying general fitness; I keep skipping sessions and need a realistic way to begin,"[[20, 35, ""GOAL""]]","[28, 35, ""GOAL""]","overlap; longest span kept: (20, 35, 'GOAL')"
train:1199,what can keep me general fitness; I keep skipping sessions and need a realistic way to begin I am not sure where to start and would appreciate a simple answer that fits my week.,"[[17, 32, ""GOAL""]]","[25, 32, ""GOAL""]","overlap; longest span kept: (17, 32, 'GOAL')"
train:1200,help me get general fitness; I keep skipping sessions and need a realistic way to begin,"[[12, 27, ""GOAL""]]","[20, 27, ""GOAL""]","overlap; longest span kept: (12, 27, 'GOAL')"
train:1201,i want consistency general fitness; i keep skipping sessions and need a realistic way to begin,"[[19, 34, ""GOAL""]]","[27, 34, ""GOAL""]","overlap; longest span kept: (19, 34, 'GOAL')"
train:1202,how can i restart general fitness; I keep skipping sessions and need a realistic way to begin,"[[18, 33, ""GOAL""]]","[26, 33, ""GOAL""]","overlap; longest span kept: (18, 33, 'GOAL')"
train:1203,i need support general fitness; I keep skipping sessions and need a realistic way to begin I am not sure where to start and would appreciate a simple answer that fits my week.,"[[15, 30, ""GOAL""]]","[23, 30, ""GOAL""]","overlap; longest span kept: (15, 30, 'GOAL')"
train:1204,my motivation is general fitness i keep skipping sessions and need a realistic way to begin,"[[17, 32, ""GOAL""]]","[25, 32, ""GOAL""]","overlap; longest span kept: (17, 32, 'GOAL')"
train:1205,im finding it hard general fitness; I keep skipping sessions and need a realistic way to begin,"[[19, 34, ""GOAL""]]","[27, 34, ""GOAL""]","overlap; longest span kept: (19, 34, 'GOAL')"
train:1206,give me a reason general fitness; i keep skipping sessions and need a realistic way to begin,"[[17, 32, ""GOAL""]]","[25, 32, ""GOAL""]","overlap; longest span kept: (17, 32, 'GOAL')"
train:1313,pls diagnose knee pain after bench press; should I keep training or seek medical advice,"[[29, 40, ""EXERCISE""]]","[29, 34, ""EQUIPMENT""]","overlap; longest span kept: (29, 40, 'EXERCISE')"
train:1313,pls diagnose knee pain after bench press; should I keep training or seek medical advice,"[[29, 40, ""EXERCISE""]]","[29, 34, ""EXERCISE""]","overlap; longest span kept: (29, 40, 'EXERCISE')"
train:1314,sore after knee pain after bench press; should i keep training or seek medical advice,"[[27, 38, ""EXERCISE""]]","[27, 32, ""EQUIPMENT""]","overlap; longest span kept: (27, 38, 'EXERCISE')"
train:1314,sore after knee pain after bench press; should i keep training or seek medical advice,"[[27, 38, ""EXERCISE""]]","[27, 32, ""EXERCISE""]","overlap; longest span kept: (27, 38, 'EXERCISE')"
train:1315,numb during knee pain after bench press; should I keep training or seek medical advice,"[[28, 39, ""EXERCISE""]]","[28, 33, ""EQUIPMENT""]","overlap; longest span kept: (28, 39, 'EXERCISE')"
train:1315,numb during knee pain after bench press; should I keep training or seek medical advice,"[[28, 39, ""EXERCISE""]]","[28, 33, ""EXERCISE""]","overlap; longest span kept: (28, 39, 'EXERCISE')"
train:1316,dizzy while knee pain after bench press; should I keep training or seek medical advice I am not sure where to start and would appreciate a simple answer that fits my week.,"[[28, 39, ""EXERCISE""]]","[28, 33, ""EQUIPMENT""]","overlap; longest span kept: (28, 39, 'EXERCISE')"
train:1316,dizzy while knee pain after bench press; should I keep training or seek medical advice I am not sure where to start and would appreciate a simple answer that fits my week.,"[[28, 39, ""EXERCISE""]]","[28, 33, ""EXERCISE""]","overlap; longest span kept: (28, 39, 'EXERCISE')"
train:1317,what is wrong with knee pain after bench press should i keep training or seek medical advice,"[[35, 46, ""EXERCISE""]]","[35, 40, ""EQUIPMENT""]","overlap; longest span kept: (35, 46, 'EXERCISE')"
train:1317,what is wrong with knee pain after bench press should i keep training or seek medical advice,"[[35, 46, ""EXERCISE""]]","[35, 40, ""EXERCISE""]","overlap; longest span kept: (35, 46, 'EXERCISE')"
train:1318,do these symptoms knee pain after bench press; should I keep training or seek medical advice,"[[34, 45, ""EXERCISE""]]","[34, 39, ""EQUIPMENT""]","overlap; longest span kept: (34, 45, 'EXERCISE')"
train:1318,do these symptoms knee pain after bench press; should I keep training or seek medical advice,"[[34, 45, ""EXERCISE""]]","[34, 39, ""EXERCISE""]","overlap; longest span kept: (34, 45, 'EXERCISE')"
train:1319,is this concerning knee pain after bench press; should i keep training or seek medical advice,"[[35, 46, ""EXERCISE""]]","[35, 40, ""EQUIPMENT""]","overlap; longest span kept: (35, 46, 'EXERCISE')"
train:1319,is this concerning knee pain after bench press; should i keep training or seek medical advice,"[[35, 46, ""EXERCISE""]]","[35, 40, ""EXERCISE""]","overlap; longest span kept: (35, 46, 'EXERCISE')"
train:1408,my knee pain after bicep curl; should I keep training or seek medical advice I am not sure where to start and would appreciate a simple answer that fits my week.,"[[19, 29, ""EXERCISE""]]","[25, 29, ""EXERCISE""]","overlap; longest span kept: (19, 29, 'EXERCISE')"
train:1409,i have knee pain after bicep curl should i keep training or seek medical advice,"[[23, 33, ""EXERCISE""]]","[29, 33, ""EXERCISE""]","overlap; longest span kept: (23, 33, 'EXERCISE')"
train:1410,should i train with knee pain after bicep curl; should I keep training or seek medical advice,"[[36, 46, ""EXERCISE""]]","[42, 46, ""EXERCISE""]","overlap; longest span kept: (36, 46, 'EXERCISE')"
train:1411,can you diagnose knee pain after bicep curl; should i keep training or seek medical advice,"[[33, 43, ""EXERCISE""]]","[39, 43, ""EXERCISE""]","overlap; longest span kept: (33, 43, 'EXERCISE')"
train:1412,what do i do about knee pain after bicep curl; should I keep training or seek medical advice,"[[35, 45, ""EXERCISE""]]","[41, 45, ""EXERCISE""]","overlap; longest span kept: (35, 45, 'EXERCISE')"
train:1413,is it safe with knee pain after bicep curl; should I keep training or seek medical advice I am not sure where to start and would appreciate a simple answer that fits my week.,"[[32, 42, ""EXERCISE""]]","[38, 42, ""EXERCISE""]","overlap; longest span kept: (32, 42, 'EXERCISE')"
train:1414,im experiencing knee pain after bicep curl; should I keep training or seek medical advice,"[[32, 42, ""EXERCISE""]]","[38, 42, ""EXERCISE""]","overlap; longest span kept: (32, 42, 'EXERCISE')"
train:1415,could this be knee pain after bicep curl; should i keep training or seek medical advice,"[[30, 40, ""EXERCISE""]]","[36, 40, ""EXERCISE""]","overlap; longest span kept: (30, 40, 'EXERCISE')"
train:1416,do i need clearance for knee pain after bicep curl; should I keep training or seek medical advice,"[[40, 50, ""EXERCISE""]]","[46, 50, ""EXERCISE""]","overlap; longest span kept: (40, 50, 'EXERCISE')"
train:1417,what medicine for knee pain after bicep curl; should I keep training or seek medical advice I am not sure where to start and would appreciate a simple answer that fits my week.,"[[34, 44, ""EXERCISE""]]","[40, 44, ""EXERCISE""]","overlap; longest span kept: (34, 44, 'EXERCISE')"
train:1418,my doctor said knee pain after bicep curl should i keep training or seek medical advice,"[[31, 41, ""EXERCISE""]]","[37, 41, ""EXERCISE""]","overlap; longest span kept: (31, 41, 'EXERCISE')"
train:1419,after an injury knee pain after bicep curl; should I keep training or seek medical advice,"[[32, 42, ""EXERCISE""]]","[38, 42, ""EXERCISE""]","overlap; longest span kept: (32, 42, 'EXERCISE')"
train:1420,pain started in knee pain after bicep curl; should i keep training or seek medical advice,"[[32, 42, ""EXERCISE""]]","[38, 42, ""EXERCISE""]","overlap; longest span kept: (32, 42, 'EXERCISE')"
train:1421,i am worried about knee pain after bicep curl; should I keep training or seek medical advice,"[[35, 45, ""EXERCISE""]]","[41, 45, ""EXERCISE""]","overlap; longest span kept: (35, 45, 'EXERCISE')"
train:1422,can i exercise with knee pain after bicep curl; should I keep training or seek medical advice I am not sure where to start and would appreciate a simple answer that fits my week.,"[[36, 46, ""EXERCISE""]]","[42, 46, ""EXERCISE""]","overlap; longest span kept: (36, 46, 'EXERCISE')"
train:1423,help with my knee pain after bicep curl; should I keep training or seek medical advice,"[[29, 39, ""EXERCISE""]]","[35, 39, ""EXERCISE""]","overlap; longest span kept: (29, 39, 'EXERCISE')"
train:1424,is this symptom knee pain after bicep curl; should i keep training or seek medical advice,"[[32, 42, ""EXERCISE""]]","[38, 42, ""EXERCISE""]","overlap; longest span kept: (32, 42, 'EXERCISE')"
train:1425,i hurt my knee pain after bicep curl; should I keep training or seek medical advice,"[[26, 36, ""EXERCISE""]]","[32, 36, ""EXERCISE""]","overlap; longest span kept: (26, 36, 'EXERCISE')"
train:1426,my joint is knee pain after bicep curl; should I keep training or seek medical advice I am not sure where to start and would appreciate a simple answer that fits my week.,"[[28, 38, ""EXERCISE""]]","[34, 38, ""EXERCISE""]","overlap; longest span kept: (28, 38, 'EXERCISE')"
train:1427,i have a medical knee pain after bicep curl should i keep training or seek medical advice,"[[33, 43, ""EXERCISE""]]","[39, 43, ""EXERCISE""]","overlap; longest span kept: (33, 43, 'EXERCISE')"
train:1428,should i ignore knee pain after bicep curl; should I keep training or seek medical advice,"[[32, 42, ""EXERCISE""]]","[38, 42, ""EXERCISE""]","overlap; longest span kept: (32, 42, 'EXERCISE')"
train:1429,gym bro my knee pain after bicep curl; should i keep training or seek medical advice,"[[27, 37, ""EXERCISE""]]","[33, 37, ""EXERCISE""]","overlap; longest span kept: (27, 37, 'EXERCISE')"
train:1430,can u help with my knee pain after bicep curl; should I keep training or seek medical advice,"[[35, 45, ""EXERCISE""]]","[41, 45, ""EXERCISE""]","overlap; longest span kept: (35, 45, 'EXERCISE')"
train:1431,pls diagnose knee pain after bicep curl; should I keep training or seek medical advice I am not sure where to start and would appreciate a simple answer that fits my week.,"[[29, 39, ""EXERCISE""]]","[35, 39, ""EXERCISE""]","overlap; longest span kept: (29, 39, 'EXERCISE')"
train:1432,numb during knee pain after bicep curl; should I keep training or seek medical advice,"[[28, 38, ""EXERCISE""]]","[34, 38, ""EXERCISE""]","overlap; longest span kept: (28, 38, 'EXERCISE')"
train:1433,dizzy while knee pain after bicep curl; should i keep training or seek medical advice,"[[28, 38, ""EXERCISE""]]","[34, 38, ""EXERCISE""]","overlap; longest span kept: (28, 38, 'EXERCISE')"
train:1434,what is wrong with knee pain after bicep curl; should I keep training or seek medical advice,"[[35, 45, ""EXERCISE""]]","[41, 45, ""EXERCISE""]","overlap; longest span kept: (35, 45, 'EXERCISE')"
train:1435,do these symptoms knee pain after bicep curl; should I keep training or seek medical advice I am not sure where to start and would appreciate a simple answer that fits my week.,"[[34, 44, ""EXERCISE""]]","[40, 44, ""EXERCISE""]","overlap; longest span kept: (34, 44, 'EXERCISE')"
train:1436,is this concerning knee pain after bicep curl should i keep training or seek medical advice,"[[35, 45, ""EXERCISE""]]","[41, 45, ""EXERCISE""]","overlap; longest span kept: (35, 45, 'EXERCISE')"
val:61,which moves target calves using a pull-up bar,"[[34, 45, ""EQUIPMENT""]]","[34, 41, ""EXERCISE""]","overlap; longest span kept: (34, 45, 'EQUIPMENT')"
val:62,what can i use for calves using a pull-up bar,"[[34, 45, ""EQUIPMENT""]]","[34, 41, ""EXERCISE""]","overlap; longest span kept: (34, 45, 'EQUIPMENT')"
val:63,show me options for calves using a pull-up bar,"[[35, 46, ""EQUIPMENT""]]","[35, 42, ""EXERCISE""]","overlap; longest span kept: (35, 46, 'EQUIPMENT')"
val:64,im after exercises for calves using a pull-up bar I am not sure where to start and would appreciate a simple answer that fits my week.,"[[38, 49, ""EQUIPMENT""]]","[38, 45, ""EXERCISE""]","overlap; longest span kept: (38, 49, 'EQUIPMENT')"
val:66,point me to moves for calves using a pull-up bar,"[[37, 48, ""EQUIPMENT""]]","[37, 44, ""EXERCISE""]","overlap; longest span kept: (37, 48, 'EQUIPMENT')"
val:67,give me ideas for calves using a pull-up bar,"[[33, 44, ""EQUIPMENT""]]","[33, 40, ""EXERCISE""]","overlap; longest span kept: (33, 44, 'EQUIPMENT')"
val:68,what should i try for calves using a pull-up bar,"[[37, 48, ""EQUIPMENT""]]","[37, 44, ""EXERCISE""]","overlap; longest span kept: (37, 48, 'EQUIPMENT')"
val:69,recommend movements for calves using a pull-up bar I am not sure where to start and would appreciate a simple answer that fits my week.,"[[39, 50, ""EQUIPMENT""]]","[39, 46, ""EXERCISE""]","overlap; longest span kept: (39, 50, 'EQUIPMENT')"
val:71,how can i train my calves using a pull-up bar,"[[34, 45, ""EQUIPMENT""]]","[34, 41, ""EXERCISE""]","overlap; longest span kept: (34, 45, 'EQUIPMENT')"
val:72,what hits my calves using a pull-up bar,"[[28, 39, ""EQUIPMENT""]]","[28, 35, ""EXERCISE""]","overlap; longest span kept: (28, 39, 'EQUIPMENT')"
val:144,i completed hip thrust: 3 sets of 10 reps with a pull-up bar and a 30 minute session I am not sure where to start and would appreciate a simple answer that fits my week.,"[[49, 60, ""EQUIPMENT""]]","[49, 56, ""EXERCISE""]","overlap; longest span kept: (49, 60, 'EQUIPMENT')"
val:146,log this hip thrust: 3 sets of 10 reps with a pull-up bar and a 30 minute session,"[[46, 57, ""EQUIPMENT""]]","[46, 53, ""EXERCISE""]","overlap; longest span kept: (46, 57, 'EQUIPMENT')"
val:147,record that i did hip thrust: 3 sets of 10 reps with a pull-up bar and a 30 minute session,"[[55, 66, ""EQUIPMENT""]]","[55, 62, ""EXERCISE""]","overlap; longest span kept: (55, 66, 'EQUIPMENT')"
val:187,my knee pain after glute bridge; should I keep training or seek medical advice,"[[19, 31, ""EXERCISE""]]","[19, 24, ""BODY_PART""]","overlap; longest span kept: (19, 31, 'EXERCISE')"
val:188,i have knee pain after glute bridge; should i keep training or seek medical advice,"[[23, 35, ""EXERCISE""]]","[23, 28, ""BODY_PART""]","overlap; longest span kept: (23, 35, 'EXERCISE')"
val:189,should i train with knee pain after glute bridge; should I keep training or seek medical advice,"[[36, 48, ""EXERCISE""]]","[36, 41, ""BODY_PART""]","overlap; longest span kept: (36, 48, 'EXERCISE')"
val:190,can you diagnose knee pain after glute bridge; should I keep training or seek medical advice I am not sure where to start and would appreciate a simple answer that fits my week.,"[[33, 45, ""EXERCISE""]]","[33, 38, ""BODY_PART""]","overlap; longest span kept: (33, 45, 'EXERCISE')"
val:191,is it safe with knee pain after glute bridge; should I keep training or seek medical advice,"[[32, 44, ""EXERCISE""]]","[32, 37, ""BODY_PART""]","overlap; longest span kept: (32, 44, 'EXERCISE')"
val:192,i feel knee pain after glute bridge; should i keep training or seek medical advice,"[[23, 35, ""EXERCISE""]]","[23, 28, ""BODY_PART""]","overlap; longest span kept: (23, 35, 'EXERCISE')"
val:193,im experiencing knee pain after glute bridge; should I keep training or seek medical advice,"[[32, 44, ""EXERCISE""]]","[32, 37, ""BODY_PART""]","overlap; longest span kept: (32, 44, 'EXERCISE')"
val:194,could this be knee pain after glute bridge; should I keep training or seek medical advice I am not sure where to start and would appreciate a simple answer that fits my week.,"[[30, 42, ""EXERCISE""]]","[30, 35, ""BODY_PART""]","overlap; longest span kept: (30, 42, 'EXERCISE')"
val:195,do i need clearance for knee pain after glute bridge should i keep training or seek medical advice,"[[40, 52, ""EXERCISE""]]","[40, 45, ""BODY_PART""]","overlap; longest span kept: (40, 52, 'EXERCISE')"
val:196,what medicine for knee pain after glute bridge; should I keep training or seek medical advice,"[[34, 46, ""EXERCISE""]]","[34, 39, ""BODY_PART""]","overlap; longest span kept: (34, 46, 'EXERCISE')"
val:197,my doctor said knee pain after glute bridge; should i keep training or seek medical advice,"[[31, 43, ""EXERCISE""]]","[31, 36, ""BODY_PART""]","overlap; longest span kept: (31, 43, 'EXERCISE')"
test:11,Explain proper shoulder press form,"[[15, 29, ""EXERCISE""]]","[15, 23, ""BODY_PART""]","overlap; longest span kept: (15, 29, 'EXERCISE')"
test:23,im trying to start a three days a week intermediate a gym workuot plan for lose weight,"[[21, 38, ""DAYS""]]","[21, 31, ""DAYS""]","overlap; longest span kept: (21, 38, 'DAYS')"
test:24,gym bro question i need a three days a week intermediate a gym workout plan for lose weight,"[[26, 43, ""DAYS""]]","[26, 36, ""DAYS""]","overlap; longest span kept: (26, 43, 'DAYS')"
test:25,got time for a a three days a week intermediate a gym wo plan for lose weight,"[[17, 34, ""DAYS""]]","[17, 27, ""DAYS""]","overlap; longest span kept: (17, 34, 'DAYS')"
test:26,can u make a three days a week intermediate a gym workout plan for lose weight I am not sure where to start and would appreciate a simple answer that fits my week.,"[[13, 30, ""DAYS""]]","[13, 23, ""DAYS""]","overlap; longest span kept: (13, 30, 'DAYS')"
test:27,pls make a three days a week intermediate a gym workout plan for lose weight,"[[11, 28, ""DAYS""]]","[11, 21, ""DAYS""]","overlap; longest span kept: (11, 28, 'DAYS')"
test:28,my week needs a three days a week intermediate a gym workuot plan for lose weight,"[[16, 33, ""DAYS""]]","[16, 26, ""DAYS""]","overlap; longest span kept: (16, 33, 'DAYS')"
test:29,please map a three days a week intermediate a gym workout plan for lose weight,"[[13, 30, ""DAYS""]]","[13, 23, ""DAYS""]","overlap; longest span kept: (13, 30, 'DAYS')"
test:30,could i get a three days a week intermediate a gym wo plan for lose weight,"[[14, 31, ""DAYS""]]","[14, 24, ""DAYS""]","overlap; longest span kept: (14, 31, 'DAYS')"
test:31,thinking about a a three days a week intermediate a gym workout plan for lose weight I am not sure where to start and would appreciate a simple answer that fits my week.,"[[19, 36, ""DAYS""]]","[19, 29, ""DAYS""]","overlap; longest span kept: (19, 36, 'DAYS')"
test:32,how about a a three days a week intermediate a gym workuot plan for lose weight,"[[14, 31, ""DAYS""]]","[14, 24, ""DAYS""]","overlap; longest span kept: (14, 31, 'DAYS')"
test:33,i want a three days a week intermediate a gym workout plan for lose weight,"[[9, 26, ""DAYS""]]","[9, 19, ""DAYS""]","overlap; longest span kept: (9, 26, 'DAYS')"
test:34,help me plan a three days a week intermediate a gym wo plan for lose weight,"[[15, 32, ""DAYS""]]","[15, 25, ""DAYS""]","overlap; longest span kept: (15, 32, 'DAYS')"
test:35,can someone create a three days a week intermediate a gym workout plan for lose weight I am not sure where to start and would appreciate a simple answer that fits my week.,"[[21, 38, ""DAYS""]]","[21, 31, ""DAYS""]","overlap; longest span kept: (21, 38, 'DAYS')"
test:36,show me a a three days a week intermediate a gym workout plan for lose weight,"[[12, 29, ""DAYS""]]","[12, 22, ""DAYS""]","overlap; longest span kept: (12, 29, 'DAYS')"
test:37,could you map out a 2 days advanced a pull-up bar workuot plan for get stronger,"[[38, 49, ""EQUIPMENT""]]","[38, 45, ""EXERCISE""]","overlap; longest span kept: (38, 49, 'EQUIPMENT')"
test:38,im looking for a 2 days advanced a pull-up bar workout plan for get stronger,"[[35, 46, ""EQUIPMENT""]]","[35, 42, ""EXERCISE""]","overlap; longest span kept: (35, 46, 'EQUIPMENT')"
test:39,help me build a 2 days advanced a pull-up bar wo plan for get stronger,"[[34, 45, ""EQUIPMENT""]]","[34, 41, ""EXERCISE""]","overlap; longest span kept: (34, 45, 'EQUIPMENT')"
test:40,need a a 2 days advanced a pull-up bar workout plan for get stronger I am not sure where to start and would appreciate a simple answer that fits my week.,"[[27, 38, ""EQUIPMENT""]]","[27, 34, ""EXERCISE""]","overlap; longest span kept: (27, 38, 'EQUIPMENT')"
test:41,what would a a 2 days advanced a pull-up bar workuot plan for get stronger,"[[33, 44, ""EQUIPMENT""]]","[33, 40, ""EXERCISE""]","overlap; longest span kept: (33, 44, 'EQUIPMENT')"
test:42,put together a 2 days advanced a pull-up bar workout plan for get stronger,"[[33, 44, ""EQUIPMENT""]]","[33, 40, ""EXERCISE""]","overlap; longest span kept: (33, 44, 'EQUIPMENT')"
test:43,id like a 2 days advanced a pull-up bar wo plan for get stronger,"[[28, 39, ""EQUIPMENT""]]","[28, 35, ""EXERCISE""]","overlap; longest span kept: (28, 39, 'EQUIPMENT')"
test:44,can we create a 2 days advanced a pull-up bar workout plan for get stronger I am not sure where to start and would appreciate a simple answer that fits my week.,"[[34, 45, ""EQUIPMENT""]]","[34, 41, ""EXERCISE""]","overlap; longest span kept: (34, 45, 'EQUIPMENT')"
test:46,make a 2 days advanced a pull-up bar workuot plan for get stronger,"[[25, 36, ""EQUIPMENT""]]","[25, 32, ""EXERCISE""]","overlap; longest span kept: (25, 36, 'EQUIPMENT')"
test:47,build a 2 days advanced a pull-up bar workout plan for get stronger,"[[26, 37, ""EQUIPMENT""]]","[26, 33, ""EXERCISE""]","overlap; longest span kept: (26, 37, 'EQUIPMENT')"
test:48,can u recomend calves using a pull-up bar,"[[30, 41, ""EQUIPMENT""]]","[30, 37, ""EXERCISE""]","overlap; longest span kept: (30, 41, 'EQUIPMENT')"
test:49,pls suggest calves using a pull-up bar,"[[27, 38, ""EQUIPMENT""]]","[27, 34, ""EXERCISE""]","overlap; longest span kept: (27, 38, 'EQUIPMENT')"
test:50,im looking for moves for calves using a pull-up bar,"[[40, 51, ""EQUIPMENT""]]","[40, 47, ""EXERCISE""]","overlap; longest span kept: (40, 51, 'EQUIPMENT')"
test:51,give me a few for calves using a pull-up bar I am not sure where to start and would appreciate a simple answer that fits my week.,"[[33, 44, ""EQUIPMENT""]]","[33, 40, ""EXERCISE""]","overlap; longest span kept: (33, 44, 'EQUIPMENT')"
test:53,help with exersizes for calves using a pull-up bar,"[[39, 50, ""EQUIPMENT""]]","[39, 46, ""EXERCISE""]","overlap; longest span kept: (39, 50, 'EQUIPMENT')"
test:54,which move is good for calves using a pull-up bar,"[[38, 49, ""EQUIPMENT""]]","[38, 45, ""EXERCISE""]","overlap; longest span kept: (38, 49, 'EQUIPMENT')"
test:123,i achieved calf raise: 3 sets of 10 reps with dumbbells and a 30 minute session,"[[11, 21, ""EXERCISE""]]","[11, 15, ""BODY_PART""]","overlap; longest span kept: (11, 21, 'EXERCISE')"
test:124,mark down calf raise: 3 sets of 10 reps with dumbbells and a 30 minute session,"[[10, 20, ""EXERCISE""]]","[10, 14, ""BODY_PART""]","overlap; longest span kept: (10, 20, 'EXERCISE')"
test:125,i trained calf raise: 3 sets of 10 reps with dumbbells and a 30 minute session,"[[10, 20, ""EXERCISE""]]","[10, 14, ""BODY_PART""]","overlap; longest span kept: (10, 20, 'EXERCISE')"
test:126,my session included calf raise: 3 sets of 10 reps with dumbbells and a 30 minute session I am not sure where to start and would appreciate a simple answer that fits my week.,"[[20, 30, ""EXERCISE""]]","[20, 24, ""BODY_PART""]","overlap; longest span kept: (20, 30, 'EXERCISE')"
test:127,i lifted calf raise 3 sets of 10 reps with dumbbells and a 30 minute session,"[[9, 19, ""EXERCISE""]]","[9, 13, ""BODY_PART""]","overlap; longest span kept: (9, 19, 'EXERCISE')"
test:128,i ran calf raise: 3 sets of 10 reps with dumbbells and a 30 minute session,"[[6, 16, ""EXERCISE""]]","[6, 10, ""BODY_PART""]","overlap; longest span kept: (6, 16, 'EXERCISE')"
test:129,i walked calf raise: 3 sets of 10 reps with dumbbells and a 30 minute session,"[[9, 19, ""EXERCISE""]]","[9, 13, ""BODY_PART""]","overlap; longest span kept: (9, 19, 'EXERCISE')"
test:130,i knocked out calf raise: 3 sets of 10 reps with dumbbells and a 30 minute session,"[[14, 24, ""EXERCISE""]]","[14, 18, ""BODY_PART""]","overlap; longest span kept: (14, 24, 'EXERCISE')"
test:131,i got my calf raise: 3 sets of 10 reps with dumbbells and a 30 minute session I am not sure where to start and would appreciate a simple answer that fits my week.,"[[9, 19, ""EXERCISE""]]","[9, 13, ""BODY_PART""]","overlap; longest span kept: (9, 19, 'EXERCISE')"
test:132,done with calf raise: 3 sets of 10 reps with dumbbells and a 30 minute session,"[[10, 20, ""EXERCISE""]]","[10, 14, ""BODY_PART""]","overlap; longest span kept: (10, 20, 'EXERCISE')"
test:133,just completed calf raise: 3 sets of 10 reps with dumbbells and a 30 minute session,"[[15, 25, ""EXERCISE""]]","[15, 19, ""BODY_PART""]","overlap; longest span kept: (15, 25, 'EXERCISE')"
test:134,for my record i did calf raise: 3 sets of 10 reps with dumbbells and a 30 minute session,"[[20, 30, ""EXERCISE""]]","[20, 24, ""BODY_PART""]","overlap; longest span kept: (20, 30, 'EXERCISE')"
test:135,today i did calf raise: 3 sets of 10 reps with dumbbells and a 30 minute session I am not sure where to start and would appreciate a simple answer that fits my week.,"[[12, 22, ""EXERCISE""]]","[12, 16, ""BODY_PART""]","overlap; longest span kept: (12, 22, 'EXERCISE')"
test:136,yesterday i did calf raise 3 sets of 10 reps with dumbbells and a 30 minute session,"[[16, 26, ""EXERCISE""]]","[16, 20, ""BODY_PART""]","overlap; longest span kept: (16, 26, 'EXERCISE')"
test:137,this morning i did calf raise: 3 sets of 10 reps with dumbbells and a 30 minute session,"[[19, 29, ""EXERCISE""]]","[19, 23, ""BODY_PART""]","overlap; longest span kept: (19, 29, 'EXERCISE')"
test:138,last night i did calf raise: 3 sets of 10 reps with dumbbells and a 30 minute session,"[[17, 27, ""EXERCISE""]]","[17, 21, ""BODY_PART""]","overlap; longest span kept: (17, 27, 'EXERCISE')"
test:139,no time word i did calf raise: 3 sets of 10 reps with dumbbells and a 30 minute session,"[[19, 29, ""EXERCISE""]]","[19, 23, ""BODY_PART""]","overlap; longest span kept: (19, 29, 'EXERCISE')"
test:140,gym bro log calf raise: 3 sets of 10 reps with dumbbells and a 30 minute session I am not sure where to start and would appreciate a simple answer that fits my week.,"[[12, 22, ""EXERCISE""]]","[12, 16, ""BODY_PART""]","overlap; longest span kept: (12, 22, 'EXERCISE')"
test:141,record my calf raise: 3 sets of 10 reps with dumbbells and a 30 minute session,"[[10, 20, ""EXERCISE""]]","[10, 14, ""BODY_PART""]","overlap; longest span kept: (10, 20, 'EXERCISE')"
test:142,can you track calf raise: 3 sets of 10 reps with dumbbells and a 30 minute session,"[[14, 24, ""EXERCISE""]]","[14, 18, ""BODY_PART""]","overlap; longest span kept: (14, 24, 'EXERCISE')"
test:173,can u diagnose knee pain after glute bridge; should I keep training or seek medical advice,"[[31, 43, ""EXERCISE""]]","[31, 36, ""BODY_PART""]","overlap; longest span kept: (31, 43, 'EXERCISE')"
test:174,what do i do about knee pain after glute bridge; should I keep training or seek medical advice I am not sure where to start and would appreciate a simple answer that fits my week.,"[[35, 47, ""EXERCISE""]]","[35, 40, ""BODY_PART""]","overlap; longest span kept: (35, 47, 'EXERCISE')"
test:175,is it safe with knee pain after glute bridge should i keep training or seek medical advice,"[[32, 44, ""EXERCISE""]]","[32, 37, ""BODY_PART""]","overlap; longest span kept: (32, 44, 'EXERCISE')"
test:176,could this be knee pain after glute bridge; should I keep training or seek medical advice,"[[30, 42, ""EXERCISE""]]","[30, 35, ""BODY_PART""]","overlap; longest span kept: (30, 42, 'EXERCISE')"
test:177,do i need clearance for knee pain after glute bridge; should I keep training or seek medical advice I am not sure where to start and would appreciate a simple answer that fits my week.,"[[40, 52, ""EXERCISE""]]","[40, 45, ""BODY_PART""]","overlap; longest span kept: (40, 52, 'EXERCISE')"
test:178,after an injury knee pain after glute bridge; should i keep training or seek medical advice,"[[32, 44, ""EXERCISE""]]","[32, 37, ""BODY_PART""]","overlap; longest span kept: (32, 44, 'EXERCISE')"
test:179,pain started in knee pain after glute bridge; should I keep training or seek medical advice,"[[32, 44, ""EXERCISE""]]","[32, 37, ""BODY_PART""]","overlap; longest span kept: (32, 44, 'EXERCISE')"
test:180,i am worried about knee pain after glute bridge; should I keep training or seek medical advice I am not sure where to start and would appreciate a simple answer that fits my week.,"[[35, 47, ""EXERCISE""]]","[35, 40, ""BODY_PART""]","overlap; longest span kept: (35, 47, 'EXERCISE')"
test:181,can i exercise with knee pain after glute bridge should i keep training or seek medical advice,"[[36, 48, ""EXERCISE""]]","[36, 41, ""BODY_PART""]","overlap; longest span kept: (36, 48, 'EXERCISE')"
test:182,what treatment for knee pain after glute bridge; should I keep training or seek medical advice,"[[35, 47, ""EXERCISE""]]","[35, 40, ""BODY_PART""]","overlap; longest span kept: (35, 47, 'EXERCISE')"
test:183,help with my knee pain after glute bridge; should i keep training or seek medical advice,"[[29, 41, ""EXERCISE""]]","[29, 34, ""BODY_PART""]","overlap; longest span kept: (29, 41, 'EXERCISE')"
test:184,is this symptom knee pain after glute bridge; should I keep training or seek medical advice,"[[32, 44, ""EXERCISE""]]","[32, 37, ""BODY_PART""]","overlap; longest span kept: (32, 44, 'EXERCISE')"
test:185,i hurt my knee pain after glute bridge; should I keep training or seek medical advice I am not sure where to start and would appreciate a simple answer that fits my week.,"[[26, 38, ""EXERCISE""]]","[26, 31, ""BODY_PART""]","overlap; longest span kept: (26, 38, 'EXERCISE')"
test:186,i have a medical knee pain after glute bridge; should I keep training or seek medical advice,"[[33, 45, ""EXERCISE""]]","[33, 38, ""BODY_PART""]","overlap; longest span kept: (33, 45, 'EXERCISE')"
test:187,should i ignore knee pain after glute bridge; should i keep training or seek medical advice,"[[32, 44, ""EXERCISE""]]","[32, 37, ""BODY_PART""]","overlap; longest span kept: (32, 44, 'EXERCISE')"
test:188,gym bro my knee pain after glute bridge; should I keep training or seek medical advice,"[[27, 39, ""EXERCISE""]]","[27, 32, ""BODY_PART""]","overlap; longest span kept: (27, 39, 'EXERCISE')"
test:189,can u help with my knee pain after glute bridge; should I keep training or seek medical advice I am not sure where to start and would appreciate a simple answer that fits my week.,"[[35, 47, ""EXERCISE""]]","[35, 40, ""BODY_PART""]","overlap; longest span kept: (35, 47, 'EXERCISE')"
test:190,pls diagnose knee pain after glute bridge should i keep training or seek medical advice,"[[29, 41, ""EXERCISE""]]","[29, 34, ""BODY_PART""]","overlap; longest span kept: (29, 41, 'EXERCISE')"
test:191,sore after knee pain after glute bridge; should I keep training or seek medical advice,"[[27, 39, ""EXERCISE""]]","[27, 32, ""BODY_PART""]","overlap; longest span kept: (27, 39, 'EXERCISE')"
test:192,numb during knee pain after glute bridge; should i keep training or seek medical advice,"[[28, 40, ""EXERCISE""]]","[28, 33, ""BODY_PART""]","overlap; longest span kept: (28, 40, 'EXERCISE')"
test:193,dizzy while knee pain after glute bridge; should I keep training or seek medical advice,"[[28, 40, ""EXERCISE""]]","[28, 33, ""BODY_PART""]","overlap; longest span kept: (28, 40, 'EXERCISE')"
test:194,what is wrong with knee pain after glute bridge; should I keep training or seek medical advice I am not sure where to start and would appreciate a simple answer that fits my week.,"[[35, 47, ""EXERCISE""]]","[35, 40, ""BODY_PART""]","overlap; longest span kept: (35, 47, 'EXERCISE')"
test:195,is this concerning knee pain after glute bridge; should I keep training or seek medical advice,"[[35, 47, ""EXERCISE""]]","[35, 40, ""BODY_PART""]","overlap; longest span kept: (35, 47, 'EXERCISE')"
test:196,my knee pain after calf raise; should i keep training or seek medical advice,"[[19, 29, ""EXERCISE""]]","[19, 23, ""BODY_PART""]","overlap; longest span kept: (19, 29, 'EXERCISE')"
test:197,i have knee pain after calf raise; should I keep training or seek medical advice,"[[23, 33, ""EXERCISE""]]","[23, 27, ""BODY_PART""]","overlap; longest span kept: (23, 33, 'EXERCISE')"
